multa_id,patente,fecha,hora,velocidad_registrada,velocidad_maxima,ubicacion,radar_id,estado_multa,exceso_velocidad_real,exceso_velocidad
3,WU341A,2022-07-17,09:01,107.0,60,AV LIBERTADOR,R03,PAGADA,47.0,True
5,BX55DOG,2021-01-21,00:00,94.0,60,AV SIEMPRE VIVA,,ERROR,34.0,True
8,BP717,2023-01-11,08:01,70.0,60,AV SIEMPRE VIVA,R01,PAGADA,10.0,True
10,OUTSTDN,1932-01-01,14:01,71.0,40,AV LIBERTADOR,R02,APELADA,31.0,True
13,GE1466,2020-08-12,18:01,75.0,40,AV LIBERTADOR,,IMPAGA,35.0,True
17,5777770,2020-01-29,09:02,93.0,40,AV SIEMPRE VIVA,R02,APELADA,53.0,True
21,BHRP770,1932-01-01,08:01,71.0,60,RUTA 9,R03,PAGADA,11.0,True
22,RFH373,2020-10-15,09:02,121.0,80,AV LIBERTADOR,R01,IMPAGA,41.0,True
24,XIIUME,2021-06-12,08:01,52.0,40,AV SIEMPRE VIVA,R03,IMPAGA,12.0,True
26,HF58HXP,2022-11-20,14:01,62.0,40,RUTA 9,,APELADA,22.0,True
31,M431ZW,1932-01-01,14:01,123.0,60,RUTA 9,R03,PAGADA,63.0,True
35,GE1466,2020-11-22,08:02,67.0,40,AV LIBERTADOR,R03,ERROR,27.0,True
36,J1S1,1932-01-01,18:01,85.0,40,AV LIBERTADOR,,APELADA,45.0,True
40,VTIIAHV,2023-04-30,09:03,71.0,60,AV LIBERTADOR,R03,APELADA,11.0,True
41,6611172,2022-02-26,08:02,109.0,60,AV LIBERTADOR,R02,PAGADA,49.0,True
44,GCP332,2024-01-26,14:02,106.0,40,AV LIBERTADOR,,IMPAGA,66.0,True
47,W326AVE,2020-05-28,00:00,70.0,60,RUTA 9,R01,IMPAGA,10.0,True
49,810TCH,2022-03-03,09:04,156.0,80,AV LIBERTADOR,R02,ERROR,76.0,True
50,GCP332,2023-12-08,08:02,66.0,40,AV SIEMPRE VIVA,R02,APELADA,26.0,True
51,BB8986,2023-04-18,08:03,90.0,80,RUTA 9,R02,IMPAGA,10.0,True
53,HF58HXP,1932-01-01,09:04,50.0,40,AV SIEMPRE VIVA,R02,PAGADA,10.0,True
55,9999868,2020-02-09,00:00,57.0,40,AV SIEMPRE VIVA,R01,ERROR,17.0,True
56,VTIIAHV,1932-01-01,08:03,54.0,40,AV LIBERTADOR,R01,ERROR,14.0,True
57,NTHGLFT,2022-05-26,09:04,93.0,80,AV SIEMPRE VIVA,R02,PAGADA,13.0,True
59,FD1475,2022-01-07,14:03,59.0,40,RUTA 9,R02,PAGADA,19.0,True
60,FVIOUHP,1932-01-01,18:02,124.0,80,RUTA 9,R01,APELADA,44.0,True
61,VY90540,2022-11-08,00:00,99.0,80,RUTA 9,R01,ERROR,19.0,True
63,6NCE831,2022-12-14,08:03,81.0,60,AV LIBERTADOR,R02,ERROR,21.0,True
64,M431ZW,1932-01-01,09:04,86.0,80,RUTA 9,R01,APELADA,6.0,True
66,NTHGLFT,1932-01-01,08:04,152.0,80,RUTA 9,R03,IMPAGA,72.0,True
68,HK06YMX,2020-11-11,14:03,76.0,40,AV SIEMPRE VIVA,,PAGADA,36.0,True
69,VNK296GP,2021-05-25,18:02,77.0,40,RUTA 9,R03,IMPAGA,37.0,True
71,RFH373,2021-07-14,09:05,116.0,80,AV LIBERTADOR,R01,PAGADA,36.0,True
72,HK06YMX,2021-05-30,14:03,104.0,60,AV SIEMPRE VIVA,R02,PAGADA,44.0,True
75,W326AVE,2021-04-21,00:00,57.0,40,AV LIBERTADOR,R01,PAGADA,17.0,True
77,B81JKY,1932-01-01,00:00,83.0,40,RUTA 9,R01,PAGADA,43.0,True
79,MVU4688,1932-01-01,08:04,96.0,60,AV SIEMPRE VIVA,R02,ERROR,36.0,True
81,8B90638,2022-04-10,18:03,108.0,60,AV SIEMPRE VIVA,R03,IMPAGA,48.0,True
82,5777770,2020-02-13,09:05,60.0,40,AV SIEMPRE VIVA,R01,PAGADA,20.0,True
90,MVU4688,2023-09-21,18:04,49.0,40,RUTA 9,,PAGADA,9.0,True
91,INTIGR8,2023-07-09,00:00,148.0,80,AV LIBERTADOR,R01,PAGADA,68.0,True
92,CD05601,2023-08-15,14:04,103.0,40,AV LIBERTADOR,R02,ERROR,63.0,True
93,3646HBH,2022-04-23,08:04,73.0,60,AV LIBERTADOR,R01,IMPAGA,13.0,True
101,RFH373,2022-12-05,14:04,101.0,40,AV LIBERTADOR,R01,PAGADA,61.0,True
102,B81JKY,2023-10-10,18:04,147.0,80,AV LIBERTADOR,R02,ERROR,67.0,True
103,5777770,2020-05-19,09:06,91.0,60,AV LIBERTADOR,R03,ERROR,31.0,True
104,CD05601,1932-01-01,18:04,114.0,60,AV LIBERTADOR,,APELADA,54.0,True
106,WEFLYN,1932-01-01,09:06,77.0,40,RUTA 9,,IMPAGA,37.0,True
109,DI2LOT,2021-08-12,00:00,77.0,60,AV SIEMPRE VIVA,R03,PAGADA,17.0,True
114,BX55DOG,1932-01-01,18:05,121.0,60,RUTA 9,,ERROR,61.0,True
127,8B90638,1932-01-01,14:04,116.0,40,AV SIEMPRE VIVA,R01,ERROR,76.0,True
129,T0YDR,2022-09-24,00:00,123.0,80,AV SIEMPRE VIVA,R02,PAGADA,43.0,True
134,UW3932,1932-01-01,18:06,101.0,80,RUTA 9,R01,APELADA,21.0,True
138,831MDB,2021-05-09,18:06,153.0,80,AV SIEMPRE VIVA,R03,ERROR,73.0,True
140,MVU4688,1932-01-01,09:08,110.0,60,AV LIBERTADOR,R03,PAGADA,50.0,True
141,INTIGR8,2022-04-13,00:00,108.0,60,AV LIBERTADOR,R03,IMPAGA,48.0,True
144,HF58HXP,1932-01-01,08:06,79.0,40,RUTA 9,R03,ERROR,39.0,True
146,T0YDR,2022-07-03,18:07,125.0,80,AV LIBERTADOR,R02,APELADA,45.0,True
147,WEFLYN,2021-12-13,09:08,129.0,60,AV SIEMPRE VIVA,,ERROR,69.0,True
148,FD1475,2023-10-07,09:08,106.0,80,AV LIBERTADOR,R03,ERROR,26.0,True
149,990XYK,2022-11-25,14:05,109.0,80,AV LIBERTADOR,,APELADA,29.0,True
150,INTIGR8,2020-01-04,08:07,100.0,60,AV SIEMPRE VIVA,R03,APELADA,40.0,True
155,691XC80,2024-01-03,00:00,116.0,80,RUTA 9,R01,PAGADA,36.0,True
161,990XYK,2020-04-26,09:08,82.0,60,AV LIBERTADOR,R01,APELADA,22.0,True
162,NTHGLFT,2020-06-10,08:07,118.0,60,AV LIBERTADOR,R03,IMPAGA,58.0,True
164,MVU4688,2020-10-07,00:00,97.0,80,RUTA 9,R03,PAGADA,17.0,True
165,GE1466,2021-09-25,00:00,108.0,40,AV LIBERTADOR,,APELADA,68.0,True
166,BM351,2020-02-24,14:05,112.0,80,RUTA 9,,ERROR,32.0,True
170,WEFLYN,2021-01-18,18:08,88.0,80,AV LIBERTADOR,R02,PAGADA,8.0,True
171,CD05601,2023-08-11,00:00,75.0,40,RUTA 9,R03,IMPAGA,35.0,True
172,810TCH,2020-02-08,14:05,110.0,40,RUTA 9,R03,APELADA,70.0,True
176,B81JKY,1932-01-01,09:09,91.0,60,AV SIEMPRE VIVA,R01,PAGADA,31.0,True
178,WU341A,2020-11-18,09:09,70.0,60,RUTA 9,R02,PAGADA,10.0,True
183,UM96201,1932-01-01,08:08,102.0,40,AV SIEMPRE VIVA,R03,PAGADA,62.0,True
184,81ZFJD,1932-01-01,00:00,111.0,80,RUTA 9,R03,ERROR,31.0,True
188,TL03GOG,2021-08-13,08:08,93.0,40,RUTA 9,,PAGADA,53.0,True
190,VNK296GP,2020-03-03,09:10,153.0,80,AV LIBERTADOR,R01,PAGADA,73.0,True
191,VY90540,2022-02-05,08:08,98.0,60,RUTA 9,,IMPAGA,38.0,True
192,YLO8WUE,2021-12-18,18:09,140.0,80,AV SIEMPRE VIVA,,ERROR,60.0,True
193,3646HBH,2021-04-03,09:10,117.0,40,AV SIEMPRE VIVA,R01,PAGADA,77.0,True
197,DK414N,2020-05-03,00:00,69.0,40,AV SIEMPRE VIVA,,APELADA,29.0,True
200,5777770,2022-09-13,14:06,85.0,60,RUTA 9,R02,PAGADA,25.0,True
202,6611172,1932-01-01,18:09,137.0,60,RUTA 9,R03,ERROR,77.0,True
204,6611172,2020-04-18,14:06,93.0,80,AV LIBERTADOR,R03,PAGADA,13.0,True
207,OUTSTDN,1932-01-01,14:07,159.0,80,AV SIEMPRE VIVA,R02,PAGADA,79.0,True
208,VNK296GP,1932-01-01,09:11,79.0,60,AV LIBERTADOR,R02,ERROR,19.0,True
209,GN64OTP,1932-01-01,18:09,97.0,60,RUTA 9,,IMPAGA,37.0,True
211,2999961,2022-06-06,00:00,97.0,80,RUTA 9,R03,PAGADA,17.0,True
216,M431ZW,2022-03-07,09:11,109.0,60,RUTA 9,R03,APELADA,49.0,True
217,B81JKY,2022-08-02,00:00,92.0,40,RUTA 9,R03,APELADA,52.0,True
218,5777770,1932-01-01,00:00,129.0,60,AV LIBERTADOR,R02,APELADA,69.0,True
221,RFH373,2021-11-24,09:11,156.0,80,AV SIEMPRE VIVA,R02,APELADA,76.0,True
222,XIIUME,2023-06-25,18:10,83.0,60,AV SIEMPRE VIVA,R03,ERROR,23.0,True
227,CD05601,1932-01-01,14:07,109.0,80,AV LIBERTADOR,,IMPAGA,29.0,True
228,CT5B876,1932-01-01,18:10,141.0,80,RUTA 9,R02,APELADA,61.0,True
229,8B90638,2022-06-16,18:10,104.0,60,AV LIBERTADOR,R01,PAGADA,44.0,True
231,AI7OVF,2021-04-05,14:07,108.0,60,AV LIBERTADOR,R03,APELADA,48.0,True
233,NHZ1002,1932-01-01,18:10,108.0,40,AV SIEMPRE VIVA,R01,APELADA,68.0,True
236,831MDB,2020-09-05,08:09,70.0,60,RUTA 9,R03,PAGADA,10.0,True
240,W326AVE,2020-07-31,08:10,100.0,80,AV SIEMPRE VIVA,R01,APELADA,20.0,True
241,CT5B876,2022-06-04,18:11,65.0,40,RUTA 9,R03,ERROR,25.0,True
243,NHZ1002,2021-03-15,00:00,116.0,40,AV LIBERTADOR,R02,IMPAGA,76.0,True
247,GN64OTP,2022-01-18,18:11,141.0,80,RUTA 9,R02,APELADA,61.0,True
248,VY90540,2020-08-30,18:11,123.0,60,AV LIBERTADOR,,ERROR,63.0,True
249,6611172,2020-04-13,08:10,78.0,60,AV LIBERTADOR,R02,APELADA,18.0,True
256,XIIUME,2020-04-30,00:00,125.0,80,AV SIEMPRE VIVA,R03,ERROR,45.0,True
257,BM351,2023-03-31,14:08,78.0,40,AV SIEMPRE VIVA,R02,ERROR,38.0,True
259,HAMSTUR,2021-09-30,14:09,141.0,80,AV SIEMPRE VIVA,R03,PAGADA,61.0,True
262,BHRP770,2020-03-29,00:00,94.0,60,AV LIBERTADOR,R01,ERROR,34.0,True
263,990XYK,2020-11-03,18:12,98.0,60,AV SIEMPRE VIVA,R02,PAGADA,38.0,True
268,GLEN1E,2023-09-03,14:09,68.0,60,AV LIBERTADOR,,APELADA,8.0,True
275,WEFLYN,2022-03-15,14:09,139.0,80,AV LIBERTADOR,R03,APELADA,59.0,True
285,41RSTZ,2022-02-03,14:10,153.0,80,AV LIBERTADOR,R02,ERROR,73.0,True
288,GCP332,2023-05-31,08:11,91.0,80,RUTA 9,,IMPAGA,11.0,True
294,810TCH,2023-11-09,18:14,82.0,40,RUTA 9,R03,IMPAGA,42.0,True
297,GOOGLE,2022-07-22,00:00,88.0,60,AV SIEMPRE VIVA,R03,APELADA,28.0,True
298,VY90540,2021-09-18,00:00,99.0,80,RUTA 9,R01,ERROR,19.0,True
301,J1S1,1932-01-01,09:13,121.0,80,AV SIEMPRE VIVA,,PAGADA,41.0,True
302,GN64OTP,2021-11-08,18:14,157.0,80,RUTA 9,R03,ERROR,77.0,True
303,CBMUK,1932-01-01,14:10,99.0,60,AV LIBERTADOR,R01,APELADA,39.0,True
306,XIIUME,2023-07-26,08:12,133.0,80,AV SIEMPRE VIVA,R02,IMPAGA,53.0,True
308,FD1475,2022-09-13,08:12,153.0,80,RUTA 9,,ERROR,73.0,True
309,VTIIAHV,2022-07-03,14:10,124.0,60,RUTA 9,R02,ERROR,64.0,True
311,CBMUK,2023-04-02,09:13,120.0,40,RUTA 9,R01,PAGADA,80.0,True
315,MPX9357,2020-02-10,09:14,104.0,60,AV LIBERTADOR,R03,IMPAGA,44.0,True
317,GN64OTP,1932-01-01,18:15,88.0,80,RUTA 9,R01,IMPAGA,8.0,True
319,WU341A,1932-01-01,09:14,73.0,40,AV LIBERTADOR,R02,IMPAGA,33.0,True
320,OUTSTDN,2020-12-18,08:12,120.0,60,RUTA 9,,ERROR,60.0,True
322,UW3932,2021-07-12,08:13,100.0,80,AV SIEMPRE VIVA,R02,ERROR,20.0,True
324,HAMSTUR,1932-01-01,09:14,96.0,80,AV LIBERTADOR,R03,PAGADA,16.0,True
325,9999868,2022-12-21,00:00,159.0,80,RUTA 9,R02,ERROR,79.0,True
327,J1S1,2020-02-28,00:00,93.0,40,AV LIBERTADOR,R01,ERROR,53.0,True
328,GN64OTP,1932-01-01,14:11,156.0,80,AV SIEMPRE VIVA,R02,PAGADA,76.0,True
329,UM96201,2021-11-17,18:15,133.0,60,RUTA 9,R03,APELADA,73.0,True
332,HK06YMX,2023-10-09,00:00,151.0,80,AV SIEMPRE VIVA,,PAGADA,71.0,True
334,810TCH,2023-08-21,00:00,64.0,40,AV LIBERTADOR,,IMPAGA,24.0,True
340,T0YDR,2021-10-25,18:15,105.0,40,AV LIBERTADOR,R03,APELADA,65.0,True
342,6611172,2023-12-03,09:16,79.0,40,AV LIBERTADOR,R03,APELADA,39.0,True
353,FVIOUHP,2023-02-22,14:12,127.0,80,AV LIBERTADOR,,PAGADA,47.0,True
354,HF58HXP,2020-12-25,14:12,105.0,80,AV LIBERTADOR,R01,APELADA,25.0,True
356,MX60NZA,2022-09-11,09:16,67.0,60,AV LIBERTADOR,R02,PAGADA,7.0,True
364,HK06YMX,1932-01-01,14:12,90.0,40,AV LIBERTADOR,R02,PAGADA,50.0,True
371,8B90638,2023-10-10,18:17,90.0,40,RUTA 9,R01,IMPAGA,50.0,True
380,691XC80,2023-09-29,09:18,103.0,80,AV LIBERTADOR,R01,APELADA,23.0,True
382,589222,1932-01-01,08:14,135.0,80,AV SIEMPRE VIVA,R01,IMPAGA,55.0,True
383,0695DVH,2023-12-16,18:17,63.0,40,AV LIBERTADOR,R01,ERROR,23.0,True
387,MX60NZA,2022-11-11,00:00,125.0,60,AV SIEMPRE VIVA,R02,IMPAGA,65.0,True
388,81ZFJD,2020-11-21,09:18,119.0,40,AV LIBERTADOR,R03,ERROR,79.0,True
389,GE1466,2023-02-18,14:13,112.0,80,AV LIBERTADOR,R03,IMPAGA,32.0,True
392,J1S1,1932-01-01,18:18,134.0,60,RUTA 9,,PAGADA,74.0,True
394,GLEN1E,2023-05-05,09:19,133.0,80,AV SIEMPRE VIVA,R02,ERROR,53.0,True
396,41RSTZ,2022-11-16,14:13,90.0,80,AV LIBERTADOR,,ERROR,10.0,True
397,HF3461,2020-07-01,00:00,94.0,80,RUTA 9,R02,APELADA,14.0,True
399,810TCH,1932-01-01,09:19,69.0,40,AV SIEMPRE VIVA,R03,IMPAGA,29.0,True
400,BM351,2021-01-28,00:00,94.0,60,RUTA 9,,ERROR,34.0,True
402,YLO8WUE,1932-01-01,09:19,119.0,60,RUTA 9,R02,APELADA,59.0,True
404,PIW4215,1932-01-01,18:18,49.0,40,AV SIEMPRE VIVA,R03,PAGADA,9.0,True
405,HF58HXP,1932-01-01,09:19,118.0,80,AV SIEMPRE VIVA,,ERROR,38.0,True
406,WU08YWC,1932-01-01,09:20,155.0,80,AV LIBERTADOR,R02,PAGADA,75.0,True
407,6EVY261,2022-06-20,08:15,115.0,60,RUTA 9,R01,PAGADA,55.0,True
408,MVU4688,2022-06-15,18:18,91.0,40,AV LIBERTADOR,R02,IMPAGA,51.0,True
410,UM96201,2023-01-08,00:00,98.0,60,AV SIEMPRE VIVA,R01,PAGADA,38.0,True
412,41RSTZ,2022-04-20,08:15,104.0,60,AV SIEMPRE VIVA,R03,ERROR,44.0,True
413,CT5B876,2021-03-23,18:19,104.0,60,AV SIEMPRE VIVA,,PAGADA,44.0,True
414,YLO8WUE,2021-02-19,09:20,59.0,40,AV LIBERTADOR,R02,IMPAGA,19.0,True
416,BX55DOG,1932-01-01,14:13,97.0,40,AV LIBERTADOR,R01,IMPAGA,57.0,True
418,WU341A,1932-01-01,09:20,90.0,40,AV SIEMPRE VIVA,R03,ERROR,50.0,True
421,XIIUME,2020-04-25,08:15,115.0,40,RUTA 9,R02,PAGADA,75.0,True
422,XIIUME,2024-01-17,18:19,116.0,60,AV SIEMPRE VIVA,R01,IMPAGA,56.0,True
424,XIIUME,2023-05-26,14:14,89.0,40,AV LIBERTADOR,R01,ERROR,49.0,True
428,GN64OTP,2023-07-01,09:20,68.0,60,RUTA 9,R03,APELADA,8.0,True
430,FVIOUHP,2023-11-13,00:00,71.0,40,RUTA 9,,APELADA,31.0,True
431,XIIUME,2020-12-02,18:20,114.0,80,AV LIBERTADOR,,IMPAGA,34.0,True
432,6NCE831,2023-06-20,09:21,88.0,80,RUTA 9,R01,PAGADA,8.0,True
433,VY90540,1932-01-01,08:16,66.0,60,RUTA 9,R03,APELADA,6.0,True
434,GLEN1E,2021-11-24,18:20,70.0,60,AV SIEMPRE VIVA,,ERROR,10.0,True
435,T0YDR,2021-10-11,00:00,91.0,60,RUTA 9,R01,PAGADA,31.0,True
437,WU08YWC,1932-01-01,09:21,53.0,40,RUTA 9,R01,ERROR,13.0,True
441,691XC80,2021-08-13,18:21,117.0,60,AV SIEMPRE VIVA,R01,ERROR,57.0,True
444,3646HBH,2022-01-18,00:00,74.0,60,AV LIBERTADOR,R02,PAGADA,14.0,True
445,HAMSTUR,1932-01-01,09:21,72.0,40,AV SIEMPRE VIVA,,ERROR,32.0,True
449,CD05601,2023-09-23,09:21,99.0,80,AV LIBERTADOR,R02,IMPAGA,19.0,True
451,6NCE831,2020-06-21,00:00,160.0,80,AV LIBERTADOR,,APELADA,80.0,True
452,OUTSTDN,2023-07-17,14:14,122.0,80,AV LIBERTADOR,,APELADA,42.0,True
455,HK06YMX,2020-05-14,09:22,82.0,40,AV SIEMPRE VIVA,,ERROR,42.0,True
456,XIIUME,2020-05-05,18:21,116.0,80,AV LIBERTADOR,R02,IMPAGA,36.0,True
460,81ZFJD,2021-06-29,18:21,95.0,60,RUTA 9,R02,ERROR,35.0,True
461,M20CPR,1932-01-01,08:16,125.0,80,AV SIEMPRE VIVA,R01,ERROR,45.0,True
464,T0YDR,2022-11-30,18:21,98.0,40,AV LIBERTADOR,,APELADA,58.0,True
467,OUTSTDN,2022-02-14,00:00,146.0,80,AV SIEMPRE VIVA,R01,PAGADA,66.0,True
469,NTHGLFT,2021-04-23,00:00,115.0,80,AV LIBERTADOR,,PAGADA,35.0,True
471,B81JKY,2020-01-11,00:00,84.0,60,AV SIEMPRE VIVA,R03,PAGADA,24.0,True
472,YLO8WUE,2020-04-28,00:00,75.0,40,AV LIBERTADOR,R02,PAGADA,35.0,True
473,2999961,2021-03-29,18:22,99.0,60,AV SIEMPRE VIVA,R03,IMPAGA,39.0,True
476,6NCE831,1932-01-01,00:00,106.0,60,AV SIEMPRE VIVA,R03,PAGADA,46.0,True
479,PIW4215,2022-11-03,18:22,94.0,80,AV LIBERTADOR,R01,PAGADA,14.0,True
481,831MDB,2020-01-06,09:23,93.0,80,RUTA 9,R03,IMPAGA,13.0,True
482,691XC80,1932-01-01,18:23,106.0,40,RUTA 9,R03,ERROR,66.0,True
484,UM96201,2023-04-14,08:17,77.0,40,AV SIEMPRE VIVA,R02,IMPAGA,37.0,True
486,691XC80,2020-05-20,18:23,92.0,60,AV SIEMPRE VIVA,R01,ERROR,32.0,True
487,NHZ1002,2024-02-06,18:23,93.0,80,AV LIBERTADOR,R01,ERROR,13.0,True
488,6611172,2020-03-31,14:15,100.0,60,AV LIBERTADOR,R03,PAGADA,40.0,True
490,81ZFJD,2020-04-10,09:23,62.0,40,AV SIEMPRE VIVA,R03,IMPAGA,22.0,True
491,BX55DOG,2023-09-07,09:23,61.0,40,RUTA 9,,PAGADA,21.0,True
492,M431ZW,2020-05-29,09:23,62.0,40,AV SIEMPRE VIVA,R02,APELADA,22.0,True
493,MPX9357,1932-01-01,09:23,80.0,60,AV LIBERTADOR,R02,PAGADA,20.0,True
495,HF3461,2023-09-15,09:24,111.0,80,AV LIBERTADOR,R01,ERROR,31.0,True
497,BB8986,2020-07-14,14:16,150.0,80,AV SIEMPRE VIVA,R02,IMPAGA,70.0,True
498,BX55DOG,2021-01-23,00:00,103.0,60,RUTA 9,R03,APELADA,43.0,True
499,AWS167,2020-02-13,08:17,51.0,40,AV LIBERTADOR,,ERROR,11.0,True
500,GCP332,2020-06-27,00:00,63.0,40,RUTA 9,,PAGADA,23.0,True
505,UM96201,1932-01-01,08:18,131.0,60,RUTA 9,,APELADA,71.0,True
506,691XC80,2023-12-31,14:16,53.0,40,AV LIBERTADOR,R01,PAGADA,13.0,True
507,CD05601,1932-01-01,18:23,71.0,60,AV LIBERTADOR,R01,ERROR,11.0,True
509,VY90540,2022-09-05,14:16,143.0,80,RUTA 9,,ERROR,63.0,True
513,T0YDR,2020-12-23,18:24,133.0,80,RUTA 9,,PAGADA,53.0,True
514,9999868,2022-02-09,09:24,71.0,40,AV SIEMPRE VIVA,R02,APELADA,31.0,True
515,MX60NZA,1932-01-01,18:24,117.0,80,AV LIBERTADOR,R02,PAGADA,37.0,True
518,GOOGLE,2023-11-12,18:24,146.0,80,AV SIEMPRE VIVA,R01,APELADA,66.0,True
519,WU08YWC,2022-10-15,08:18,100.0,40,AV LIBERTADOR,R01,IMPAGA,60.0,True
524,HF3461,2020-01-28,18:24,87.0,80,AV LIBERTADOR,R03,IMPAGA,7.0,True
526,FD1475,2022-07-30,00:00,129.0,60,AV LIBERTADOR,R02,APELADA,69.0,True
527,J1S1,1932-01-01,18:24,158.0,80,RUTA 9,R02,ERROR,78.0,True
533,VNK296GP,1932-01-01,09:25,120.0,60,RUTA 9,R02,ERROR,60.0,True
536,HAMSTUR,1932-01-01,08:19,47.0,40,AV SIEMPRE VIVA,R02,PAGADA,7.0,True
539,OUTSTDN,2023-08-19,09:25,85.0,60,AV LIBERTADOR,,IMPAGA,25.0,True
541,WEFLYN,2020-06-25,08:19,118.0,40,RUTA 9,R03,APELADA,78.0,True
544,VY90540,2022-09-15,18:25,101.0,80,AV SIEMPRE VIVA,,ERROR,21.0,True
545,WEFLYN,1932-01-01,09:25,81.0,60,AV SIEMPRE VIVA,R01,IMPAGA,21.0,True
550,FVIOUHP,1932-01-01,08:20,75.0,60,RUTA 9,,IMPAGA,15.0,True
551,MX60NZA,2020-01-22,00:00,90.0,60,RUTA 9,R02,IMPAGA,30.0,True
553,DK414N,1932-01-01,09:26,55.0,40,AV SIEMPRE VIVA,R02,ERROR,15.0,True
555,HAMSTUR,2023-02-19,14:18,98.0,40,AV LIBERTADOR,R01,APELADA,58.0,True
557,VTIIAHV,2022-01-26,00:00,52.0,40,AV LIBERTADOR,,PAGADA,12.0,True
561,TL03GOG,2022-06-06,00:00,116.0,80,RUTA 9,,APELADA,36.0,True
564,6611172,1932-01-01,14:18,118.0,80,AV LIBERTADOR,R03,APELADA,38.0,True
565,6NCE831,2021-12-16,14:19,134.0,80,AV LIBERTADOR,R02,APELADA,54.0,True
568,BHRP770,2022-09-06,08:20,153.0,80,RUTA 9,R03,ERROR,73.0,True
569,FD1475,2022-02-23,09:26,132.0,60,AV SIEMPRE VIVA,,APELADA,72.0,True
571,FVIOUHP,1932-01-01,09:26,87.0,60,RUTA 9,R01,IMPAGA,27.0,True
574,GE1466,1932-01-01,18:26,78.0,60,RUTA 9,R01,APELADA,18.0,True
576,B81JKY,2021-07-17,14:19,80.0,40,AV LIBERTADOR,R02,ERROR,40.0,True
578,HF3461,1932-01-01,09:27,126.0,80,AV SIEMPRE VIVA,R02,APELADA,46.0,True
579,BX55DOG,2021-06-20,09:27,139.0,60,RUTA 9,,PAGADA,79.0,True
581,8B90638,2021-11-17,18:26,107.0,60,AV LIBERTADOR,R03,APELADA,47.0,True
582,INTIGR8,2020-06-14,14:20,95.0,60,AV SIEMPRE VIVA,R01,APELADA,35.0,True
583,DK414N,2020-07-04,08:21,76.0,60,AV SIEMPRE VIVA,R03,APELADA,16.0,True
587,HF3461,2021-04-15,00:00,100.0,40,AV SIEMPRE VIVA,R01,PAGADA,60.0,True
589,J1S1,1932-01-01,09:27,145.0,80,RUTA 9,,PAGADA,65.0,True
593,B81JKY,2022-06-01,18:27,141.0,80,AV SIEMPRE VIVA,R02,PAGADA,61.0,True
600,WEFLYN,2021-01-16,14:20,153.0,80,AV LIBERTADOR,R03,IMPAGA,73.0,True
605,MX60NZA,2020-11-18,14:20,105.0,60,AV LIBERTADOR,,PAGADA,45.0,True
608,FD1475,2020-10-21,08:22,113.0,80,AV LIBERTADOR,R02,APELADA,33.0,True
610,M20CPR,2020-09-20,14:21,85.0,80,AV SIEMPRE VIVA,,ERROR,5.0,True
612,HAMSTUR,2024-01-26,09:28,109.0,60,AV SIEMPRE VIVA,,IMPAGA,49.0,True
613,T0YDR,1932-01-01,08:22,111.0,80,AV LIBERTADOR,R03,APELADA,31.0,True
615,GOOGLE,1932-01-01,18:28,116.0,80,RUTA 9,R03,APELADA,36.0,True
616,HF58HXP,2022-10-22,14:21,76.0,60,AV SIEMPRE VIVA,R02,PAGADA,16.0,True
622,VNK296GP,2020-06-03,09:29,69.0,40,AV LIBERTADOR,,ERROR,29.0,True
624,41RSTZ,1932-01-01,08:23,140.0,80,AV LIBERTADOR,R01,ERROR,60.0,True
625,VTIIAHV,1932-01-01,09:29,97.0,80,AV LIBERTADOR,R01,APELADA,17.0,True
626,589222,1932-01-01,09:29,131.0,80,AV SIEMPRE VIVA,R02,PAGADA,51.0,True
627,M431ZW,1932-01-01,18:28,146.0,80,AV SIEMPRE VIVA,R02,ERROR,66.0,True
629,FVIOUHP,1932-01-01,00:00,88.0,40,AV SIEMPRE VIVA,R02,APELADA,48.0,True
636,BB8986,1932-01-01,00:00,101.0,60,RUTA 9,R03,ERROR,41.0,True
637,FVIOUHP,2021-03-30,08:23,139.0,60,AV SIEMPRE VIVA,R03,IMPAGA,79.0,True
639,MPX9357,2022-11-28,14:21,134.0,60,RUTA 9,R02,IMPAGA,74.0,True
643,YLO8WUE,2023-02-02,14:22,87.0,60,AV SIEMPRE VIVA,R02,PAGADA,27.0,True
644,VNK296GP,2022-09-18,18:29,116.0,40,RUTA 9,R03,ERROR,76.0,True
647,HK06YMX,2020-09-30,14:22,95.0,80,RUTA 9,R03,IMPAGA,15.0,True
648,TL03GOG,2022-02-14,09:30,85.0,60,RUTA 9,R03,IMPAGA,25.0,True
649,5777770,2023-12-25,09:30,104.0,60,RUTA 9,,IMPAGA,44.0,True
650,NTHGLFT,2020-06-14,00:00,86.0,80,AV LIBERTADOR,R03,PAGADA,6.0,True
651,6NCE831,2022-09-17,09:30,93.0,60,AV LIBERTADOR,,PAGADA,33.0,True
652,HAMSTUR,2022-06-10,14:22,75.0,40,AV SIEMPRE VIVA,R03,PAGADA,35.0,True
654,OUTSTDN,2023-09-12,18:30,53.0,40,RUTA 9,R03,ERROR,13.0,True
655,MPX9357,2021-11-19,14:22,137.0,80,AV SIEMPRE VIVA,,PAGADA,57.0,True
662,41RSTZ,2021-03-01,14:23,112.0,60,RUTA 9,,ERROR,52.0,True
664,PIW4215,2022-03-08,18:30,73.0,40,RUTA 9,R02,IMPAGA,33.0,True
665,J1S1,2023-04-18,08:24,75.0,60,RUTA 9,R02,PAGADA,15.0,True
669,BX55DOG,1932-01-01,14:23,82.0,60,RUTA 9,R03,APELADA,22.0,True
670,NTHGLFT,2020-02-04,00:00,55.0,40,AV SIEMPRE VIVA,R01,APELADA,15.0,True
671,T0YDR,2022-03-09,09:31,52.0,40,RUTA 9,R03,PAGADA,12.0,True
675,WEFLYN,2023-08-21,14:23,104.0,60,AV LIBERTADOR,R03,PAGADA,44.0,True
677,990XYK,2021-05-23,00:00,74.0,40,AV LIBERTADOR,R01,IMPAGA,34.0,True
678,NHZ1002,1932-01-01,14:24,120.0,40,AV LIBERTADOR,R02,ERROR,80.0,True
682,AI7OVF,2021-04-24,14:24,67.0,40,AV LIBERTADOR,,ERROR,27.0,True
684,AI7OVF,1932-01-01,18:31,113.0,60,AV LIBERTADOR,R03,APELADA,53.0,True
686,VY90540,2023-01-31,00:00,131.0,80,AV LIBERTADOR,,IMPAGA,51.0,True
689,BHRP770,1932-01-01,18:31,114.0,80,AV SIEMPRE VIVA,,IMPAGA,34.0,True
690,VY90540,2020-07-18,18:32,119.0,80,AV LIBERTADOR,,APELADA,39.0,True
699,DK414N,2022-05-28,09:33,133.0,60,RUTA 9,R02,APELADA,73.0,True
700,PIW4215,2022-08-22,09:33,96.0,80,AV SIEMPRE VIVA,R03,PAGADA,16.0,True
703,M20CPR,2022-04-11,18:32,64.0,40,AV LIBERTADOR,,ERROR,24.0,True
709,NTHGLFT,2020-05-26,08:24,101.0,40,RUTA 9,R03,ERROR,61.0,True
712,HF3461,1932-01-01,18:32,119.0,40,AV SIEMPRE VIVA,R03,ERROR,79.0,True
713,BHRP770,2020-12-12,00:00,119.0,80,AV LIBERTADOR,R01,APELADA,39.0,True
714,9999868,2021-01-25,09:34,149.0,80,AV SIEMPRE VIVA,R01,PAGADA,69.0,True
718,831MDB,2020-11-22,08:25,135.0,60,AV LIBERTADOR,R02,APELADA,75.0,True
720,RFH373,2023-08-21,08:25,116.0,80,AV LIBERTADOR,R03,APELADA,36.0,True
721,WEFLYN,2023-03-23,09:34,89.0,80,RUTA 9,R03,ERROR,9.0,True
725,XIIUME,2020-04-04,14:25,97.0,80,AV SIEMPRE VIVA,,APELADA,17.0,True
727,HF58HXP,1932-01-01,08:26,69.0,60,AV LIBERTADOR,R01,IMPAGA,9.0,True
728,AWS167,2020-05-22,14:25,137.0,80,AV LIBERTADOR,R03,ERROR,57.0,True
731,MPX9357,2023-05-23,18:33,107.0,40,AV LIBERTADOR,,ERROR,67.0,True
732,CT5B876,2021-11-01,14:25,88.0,80,AV SIEMPRE VIVA,R01,IMPAGA,8.0,True
733,2999961,2020-06-05,00:00,127.0,60,RUTA 9,R01,APELADA,67.0,True
734,FVIOUHP,2020-12-03,08:26,111.0,80,AV SIEMPRE VIVA,R03,PAGADA,31.0,True
737,AWS167,2021-01-28,14:25,118.0,60,AV SIEMPRE VIVA,R01,APELADA,58.0,True
741,HF3461,1932-01-01,14:26,130.0,80,RUTA 9,,IMPAGA,50.0,True
743,810TCH,2023-04-10,09:35,134.0,60,RUTA 9,,IMPAGA,74.0,True
745,GOOGLE,2021-11-15,14:26,112.0,80,AV SIEMPRE VIVA,R02,ERROR,32.0,True
751,AWS167,2021-09-12,14:26,113.0,40,AV LIBERTADOR,,ERROR,73.0,True
752,T0YDR,2022-04-08,18:34,126.0,60,AV SIEMPRE VIVA,R02,IMPAGA,66.0,True
755,FD1475,2020-04-08,00:00,85.0,40,AV LIBERTADOR,R03,ERROR,45.0,True
758,81ZFJD,1932-01-01,18:34,158.0,80,RUTA 9,,IMPAGA,78.0,True
759,VTIIAHV,2023-06-04,08:27,118.0,60,AV LIBERTADOR,R02,APELADA,58.0,True
763,GCP332,2023-10-15,18:35,111.0,80,RUTA 9,,IMPAGA,31.0,True
764,AWS167,2022-02-14,00:00,67.0,40,RUTA 9,,IMPAGA,27.0,True
765,BB8986,2021-11-25,08:28,97.0,40,AV SIEMPRE VIVA,,IMPAGA,57.0,True
768,YLO8WUE,1932-01-01,00:00,87.0,60,RUTA 9,R03,ERROR,27.0,True
770,RFH373,1932-01-01,09:36,104.0,40,AV LIBERTADOR,R02,APELADA,64.0,True
773,DI2LOT,2020-07-17,08:28,115.0,40,AV LIBERTADOR,R03,APELADA,75.0,True
776,J1S1,2022-04-21,18:36,89.0,40,RUTA 9,R01,IMPAGA,49.0,True
779,OUTSTDN,2023-09-07,00:00,104.0,60,RUTA 9,R03,PAGADA,44.0,True
780,GLEN1E,2023-09-01,18:36,71.0,60,AV SIEMPRE VIVA,R02,ERROR,11.0,True
783,HF58HXP,1932-01-01,08:29,90.0,60,AV SIEMPRE VIVA,R01,PAGADA,30.0,True
784,BB8986,2022-01-28,18:36,82.0,60,RUTA 9,R02,IMPAGA,22.0,True
787,8B90638,1932-01-01,14:28,136.0,80,AV LIBERTADOR,R02,IMPAGA,56.0,True
788,9999868,1932-01-01,14:28,94.0,60,AV LIBERTADOR,R01,ERROR,34.0,True
789,990XYK,2021-02-19,00:00,137.0,60,RUTA 9,,PAGADA,77.0,True
792,589222,2021-09-25,18:37,153.0,80,AV SIEMPRE VIVA,R02,APELADA,73.0,True
793,CBMUK,2022-02-09,09:36,93.0,60,AV LIBERTADOR,R03,IMPAGA,33.0,True
795,MVU4688,2022-03-25,14:28,152.0,80,AV SIEMPRE VIVA,,APELADA,72.0,True
806,81ZFJD,2020-11-02,14:29,94.0,80,AV SIEMPRE VIVA,,APELADA,14.0,True
807,W326AVE,2023-08-15,08:30,82.0,60,RUTA 9,R02,APELADA,22.0,True
808,XIIUME,2020-08-21,14:29,157.0,80,RUTA 9,R03,ERROR,77.0,True
811,AWS167,1932-01-01,08:30,71.0,40,AV LIBERTADOR,R03,IMPAGA,31.0,True
814,M431ZW,1932-01-01,00:00,132.0,60,AV LIBERTADOR,R01,APELADA,72.0,True
815,HAMSTUR,2020-02-21,14:29,78.0,60,AV SIEMPRE VIVA,R03,ERROR,18.0,True
816,DK414N,2020-08-22,09:37,117.0,80,AV LIBERTADOR,R03,IMPAGA,37.0,True
818,GE1466,2021-04-06,08:31,116.0,80,AV LIBERTADOR,,PAGADA,36.0,True
819,6EVY261,2024-01-07,09:37,135.0,80,AV LIBERTADOR,R01,IMPAGA,55.0,True
821,BM351,2020-07-04,00:00,116.0,80,RUTA 9,R01,IMPAGA,36.0,True
823,6611172,2022-02-01,08:31,136.0,80,AV LIBERTADOR,R03,ERROR,56.0,True
824,J1S1,2021-09-29,09:38,108.0,40,AV SIEMPRE VIVA,,ERROR,68.0,True
827,HF58HXP,1932-01-01,18:38,153.0,80,RUTA 9,R03,IMPAGA,73.0,True
830,M20CPR,2022-04-26,18:38,122.0,80,RUTA 9,,APELADA,42.0,True
834,9999868,1932-01-01,00:00,96.0,80,AV SIEMPRE VIVA,R03,ERROR,16.0,True
837,BM351,2022-12-05,08:32,104.0,80,AV SIEMPRE VIVA,,IMPAGA,24.0,True
841,M431ZW,2020-08-28,00:00,114.0,60,AV SIEMPRE VIVA,R03,ERROR,54.0,True
842,AI7OVF,2020-11-19,14:30,54.0,40,AV LIBERTADOR,R03,PAGADA,14.0,True
843,CD05601,1932-01-01,14:30,151.0,80,AV SIEMPRE VIVA,R01,PAGADA,71.0,True
847,UM96201,2021-06-18,18:38,135.0,60,AV SIEMPRE VIVA,R02,APELADA,75.0,True
850,6EVY261,2020-06-11,09:39,98.0,80,AV LIBERTADOR,R01,IMPAGA,18.0,True
851,6EVY261,2023-10-16,09:39,117.0,40,AV LIBERTADOR,R02,IMPAGA,77.0,True
853,PIW4215,2023-07-29,00:00,99.0,60,AV LIBERTADOR,R02,IMPAGA,39.0,True
855,NTHGLFT,2022-09-16,09:40,108.0,40,AV LIBERTADOR,R01,APELADA,68.0,True
856,CBMUK,1932-01-01,09:40,101.0,60,RUTA 9,R01,ERROR,41.0,True
865,WU08YWC,1932-01-01,00:00,62.0,40,AV SIEMPRE VIVA,R01,ERROR,22.0,True
866,GLEN1E,2020-12-01,00:00,85.0,60,AV LIBERTADOR,,ERROR,25.0,True
872,990XYK,2024-01-08,14:31,80.0,40,RUTA 9,R01,PAGADA,40.0,True
873,INTIGR8,2020-05-18,14:32,113.0,60,AV LIBERTADOR,R02,PAGADA,53.0,True
882,BB8986,2022-07-16,14:32,124.0,80,AV LIBERTADOR,R01,APELADA,44.0,True
883,589222,2023-04-23,14:32,111.0,80,AV LIBERTADOR,,IMPAGA,31.0,True
884,6NCE831,2022-07-02,09:41,69.0,60,AV LIBERTADOR,R01,APELADA,9.0,True
887,CT5B876,1932-01-01,00:00,83.0,40,RUTA 9,R02,ERROR,43.0,True
888,9999868,2023-04-07,09:41,53.0,40,AV LIBERTADOR,R01,IMPAGA,13.0,True
890,BP717,2022-08-23,08:33,133.0,60,AV LIBERTADOR,R03,APELADA,73.0,True
893,VTIIAHV,2021-08-17,00:00,83.0,40,RUTA 9,R03,IMPAGA,43.0,True
897,MVU4688,2023-09-01,08:33,90.0,60,AV LIBERTADOR,R03,IMPAGA,30.0,True
900,BM351,2020-09-04,08:34,85.0,40,AV SIEMPRE VIVA,R01,PAGADA,45.0,True
902,HF3461,2020-02-24,14:33,123.0,60,AV LIBERTADOR,,PAGADA,63.0,True
904,VTIIAHV,1932-01-01,00:00,85.0,60,AV SIEMPRE VIVA,R02,PAGADA,25.0,True
906,41RSTZ,1932-01-01,09:41,57.0,40,AV LIBERTADOR,R01,APELADA,17.0,True
907,WU341A,1932-01-01,14:33,74.0,60,RUTA 9,,PAGADA,14.0,True
909,691XC80,2022-09-12,08:34,117.0,80,AV LIBERTADOR,R02,IMPAGA,37.0,True
914,UM96201,2021-05-06,18:41,96.0,80,AV LIBERTADOR,R01,APELADA,16.0,True
915,J1S1,2022-05-29,08:34,105.0,60,RUTA 9,R03,IMPAGA,45.0,True
920,DK414N,1932-01-01,09:42,142.0,80,AV LIBERTADOR,R02,APELADA,62.0,True
923,8B90638,2022-07-30,08:35,111.0,80,RUTA 9,R03,PAGADA,31.0,True
930,0695DVH,2022-12-14,00:00,116.0,80,AV SIEMPRE VIVA,R02,ERROR,36.0,True
932,DK414N,2023-08-04,08:35,67.0,60,AV SIEMPRE VIVA,R01,ERROR,7.0,True
935,9999868,1932-01-01,14:34,87.0,80,AV SIEMPRE VIVA,R03,IMPAGA,7.0,True
936,41RSTZ,1932-01-01,09:42,74.0,60,RUTA 9,R01,APELADA,14.0,True
938,41RSTZ,2022-07-21,08:36,148.0,80,RUTA 9,R03,ERROR,68.0,True
939,691XC80,2021-07-12,14:34,49.0,40,AV LIBERTADOR,,IMPAGA,9.0,True
942,VTIIAHV,2020-01-25,08:36,73.0,60,AV SIEMPRE VIVA,,PAGADA,13.0,True
943,9999868,2022-09-07,14:34,102.0,80,AV SIEMPRE VIVA,,APELADA,22.0,True
945,BHRP770,2021-03-11,00:00,95.0,60,AV LIBERTADOR,,APELADA,35.0,True
946,2999961,2022-08-30,00:00,97.0,80,AV SIEMPRE VIVA,R02,PAGADA,17.0,True
948,HAMSTUR,2021-03-18,08:36,88.0,60,AV LIBERTADOR,,PAGADA,28.0,True
949,NHZ1002,2020-03-15,08:36,127.0,60,AV SIEMPRE VIVA,R01,APELADA,67.0,True
954,VTIIAHV,1932-01-01,00:00,91.0,60,RUTA 9,R01,IMPAGA,31.0,True
961,OUTSTDN,2021-10-10,18:43,74.0,60,AV SIEMPRE VIVA,,PAGADA,14.0,True
966,M20CPR,2023-06-22,00:00,87.0,80,AV LIBERTADOR,R03,IMPAGA,7.0,True
967,INTIGR8,2021-11-06,08:38,81.0,60,AV LIBERTADOR,R03,IMPAGA,21.0,True
968,CD05601,1932-01-01,18:43,66.0,60,AV SIEMPRE VIVA,R01,APELADA,6.0,True
971,FVIOUHP,1932-01-01,09:44,119.0,60,RUTA 9,R01,ERROR,59.0,True
973,HK06YMX,1932-01-01,09:44,121.0,60,AV LIBERTADOR,R02,PAGADA,61.0,True
975,MVU4688,2023-08-25,18:43,132.0,60,AV LIBERTADOR,R03,ERROR,72.0,True
976,9999868,2023-05-05,14:35,109.0,60,AV SIEMPRE VIVA,R01,PAGADA,49.0,True
977,BB8986,2022-03-14,09:44,81.0,60,RUTA 9,R02,PAGADA,21.0,True
979,XIIUME,2023-06-18,14:36,68.0,60,AV SIEMPRE VIVA,R03,APELADA,8.0,True
982,BM351,2020-11-04,14:36,81.0,40,AV LIBERTADOR,R03,ERROR,41.0,True
983,YLO8WUE,2023-10-07,18:44,59.0,40,AV SIEMPRE VIVA,R01,APELADA,19.0,True
988,6NCE831,1932-01-01,00:00,111.0,60,AV LIBERTADOR,R03,APELADA,51.0,True
992,TL03GOG,2020-01-14,08:39,128.0,60,AV LIBERTADOR,R01,IMPAGA,68.0,True
995,VY90540,2021-03-27,14:36,89.0,60,AV LIBERTADOR,R03,IMPAGA,29.0,True
996,0695DVH,1932-01-01,08:39,59.0,40,AV SIEMPRE VIVA,R03,IMPAGA,19.0,True
997,GLEN1E,1932-01-01,00:00,83.0,40,AV LIBERTADOR,R02,PAGADA,43.0,True
1000,691XC80,2020-11-13,00:00,121.0,60,AV LIBERTADOR,R02,APELADA,61.0,True
1002,NHZ1002,1932-01-01,18:44,71.0,40,RUTA 9,R03,IMPAGA,31.0,True
1007,T0YDR,2022-12-03,09:45,89.0,60,AV LIBERTADOR,R03,IMPAGA,29.0,True
1009,HF3461,2023-02-15,18:45,132.0,80,AV SIEMPRE VIVA,R03,APELADA,52.0,True
1010,OUTSTDN,1932-01-01,08:40,92.0,40,RUTA 9,R02,ERROR,52.0,True
1012,HF3461,2020-06-03,00:00,74.0,40,RUTA 9,,ERROR,34.0,True
1013,8B90638,2020-11-15,00:00,55.0,40,RUTA 9,R01,PAGADA,15.0,True
1014,WU08YWC,2020-08-29,08:40,126.0,80,RUTA 9,R01,ERROR,46.0,True
1016,BP717,1932-01-01,18:45,82.0,60,AV SIEMPRE VIVA,R03,APELADA,22.0,True
1018,3646HBH,2022-08-08,18:45,126.0,60,AV SIEMPRE VIVA,R03,ERROR,66.0,True
1019,HAMSTUR,2020-11-27,18:45,71.0,60,AV LIBERTADOR,R03,IMPAGA,11.0,True
1021,T0YDR,2023-03-14,18:46,79.0,40,AV SIEMPRE VIVA,,APELADA,39.0,True
1022,831MDB,2021-10-03,09:46,153.0,80,AV LIBERTADOR,R01,IMPAGA,73.0,True
1026,81ZFJD,2021-02-08,08:40,119.0,40,RUTA 9,R03,APELADA,79.0,True
1027,HF3461,1932-01-01,08:40,117.0,60,AV SIEMPRE VIVA,,APELADA,57.0,True
1032,MVU4688,2020-01-22,09:46,138.0,60,RUTA 9,R03,IMPAGA,78.0,True
1033,DI2LOT,2022-05-15,08:41,114.0,40,AV SIEMPRE VIVA,,APELADA,74.0,True
1035,VY90540,2023-09-24,08:41,118.0,40,AV LIBERTADOR,R02,PAGADA,78.0,True
1037,HF58HXP,2021-03-22,00:00,91.0,80,RUTA 9,R01,IMPAGA,11.0,True
1043,M20CPR,1932-01-01,00:00,140.0,60,AV LIBERTADOR,R03,APELADA,80.0,True
1046,9999868,1932-01-01,14:38,101.0,60,RUTA 9,R02,APELADA,41.0,True
1048,41RSTZ,1932-01-01,14:38,118.0,60,AV SIEMPRE VIVA,R01,PAGADA,58.0,True
1049,GOOGLE,1932-01-01,09:47,86.0,40,AV SIEMPRE VIVA,R01,ERROR,46.0,True
1050,GOOGLE,2023-04-07,00:00,69.0,60,AV LIBERTADOR,,APELADA,9.0,True
1053,691XC80,1932-01-01,08:41,129.0,60,AV LIBERTADOR,R03,ERROR,69.0,True
1058,BM351,2023-10-20,09:47,135.0,80,AV LIBERTADOR,,IMPAGA,55.0,True
1062,UM96201,2023-08-10,18:47,93.0,60,AV LIBERTADOR,R03,PAGADA,33.0,True
1064,RFH373,2021-07-09,18:47,117.0,80,AV LIBERTADOR,R01,ERROR,37.0,True
1065,HF3461,1932-01-01,08:42,120.0,80,AV SIEMPRE VIVA,,PAGADA,40.0,True
1068,GOOGLE,2023-05-04,14:39,45.0,40,AV SIEMPRE VIVA,,PAGADA,5.0,True
1069,GLEN1E,1932-01-01,08:42,61.0,40,AV LIBERTADOR,,PAGADA,21.0,True
1074,T0YDR,2023-10-10,09:48,157.0,80,AV SIEMPRE VIVA,R02,IMPAGA,77.0,True
1077,DK414N,1932-01-01,08:42,119.0,80,RUTA 9,R02,ERROR,39.0,True
1079,UW3932,2022-11-27,18:48,141.0,80,AV LIBERTADOR,R01,IMPAGA,61.0,True
1080,WEFLYN,1932-01-01,14:39,148.0,80,RUTA 9,R01,APELADA,68.0,True
1081,YLO8WUE,2022-08-07,14:40,97.0,40,RUTA 9,,PAGADA,57.0,True
1082,AWS167,2023-03-17,09:48,131.0,60,AV SIEMPRE VIVA,R03,ERROR,71.0,True
1085,81ZFJD,2023-06-08,18:48,123.0,80,AV LIBERTADOR,R01,IMPAGA,43.0,True
1087,GN64OTP,2023-05-19,09:48,101.0,40,AV LIBERTADOR,,IMPAGA,61.0,True
1088,990XYK,2024-01-21,18:48,85.0,80,AV SIEMPRE VIVA,R01,ERROR,5.0,True
1089,UW3932,2021-03-02,08:43,153.0,80,AV LIBERTADOR,R01,IMPAGA,73.0,True
1090,6611172,2024-02-06,00:00,136.0,80,AV SIEMPRE VIVA,R03,PAGADA,56.0,True
1091,FVIOUHP,2022-05-08,14:40,142.0,80,AV LIBERTADOR,R01,APELADA,62.0,True
1094,TL03GOG,2022-07-01,14:40,113.0,60,RUTA 9,R01,PAGADA,53.0,True
1095,GE1466,2021-02-15,14:41,86.0,40,RUTA 9,R03,PAGADA,46.0,True
1097,M431ZW,1932-01-01,00:00,69.0,60,AV LIBERTADOR,R02,PAGADA,9.0,True
1101,6EVY261,2022-03-09,18:49,47.0,40,AV SIEMPRE VIVA,R01,APELADA,7.0,True
1102,FD1475,2023-06-12,09:49,140.0,80,RUTA 9,R02,ERROR,60.0,True
1105,W326AVE,2023-08-20,14:41,96.0,40,AV LIBERTADOR,,ERROR,56.0,True
1108,GN64OTP,1932-01-01,18:49,85.0,60,RUTA 9,R03,ERROR,25.0,True
1109,T0YDR,2023-04-11,14:41,90.0,80,AV LIBERTADOR,,ERROR,10.0,True
1113,INTIGR8,2022-07-15,00:00,95.0,40,AV SIEMPRE VIVA,R02,PAGADA,55.0,True
1115,6EVY261,1932-01-01,00:00,121.0,80,AV LIBERTADOR,,ERROR,41.0,True
1117,BHRP770,2020-01-14,09:49,158.0,80,RUTA 9,,APELADA,78.0,True
1120,T0YDR,2020-09-28,18:50,68.0,40,AV LIBERTADOR,R03,IMPAGA,28.0,True
1125,3646HBH,2021-08-03,08:44,142.0,80,AV LIBERTADOR,,ERROR,62.0,True
1126,DK414N,2022-05-22,08:44,88.0,40,RUTA 9,R03,ERROR,48.0,True
1127,2999961,2023-11-10,00:00,88.0,60,AV LIBERTADOR,R02,APELADA,28.0,True
1128,INTIGR8,2023-05-25,00:00,114.0,60,AV SIEMPRE VIVA,R02,APELADA,54.0,True
1129,XIIUME,1932-01-01,14:42,158.0,80,AV SIEMPRE VIVA,R03,IMPAGA,78.0,True
1137,AWS167,1932-01-01,18:50,56.0,40,RUTA 9,R01,ERROR,16.0,True
1139,GLEN1E,1932-01-01,14:42,75.0,40,AV SIEMPRE VIVA,R02,PAGADA,35.0,True
1140,990XYK,2021-06-10,18:50,103.0,40,AV SIEMPRE VIVA,,PAGADA,63.0,True
1141,J1S1,1932-01-01,00:00,91.0,40,AV SIEMPRE VIVA,R03,APELADA,51.0,True
1145,6611172,2022-11-05,00:00,150.0,80,AV LIBERTADOR,,ERROR,70.0,True
1147,AI7OVF,2020-03-16,14:42,114.0,60,AV LIBERTADOR,R01,ERROR,54.0,True
1148,WU08YWC,2021-03-01,14:42,146.0,80,AV LIBERTADOR,R03,IMPAGA,66.0,True
1149,BB8986,2020-03-05,09:51,73.0,60,RUTA 9,,ERROR,13.0,True
1150,9999868,2023-12-29,08:45,123.0,80,AV LIBERTADOR,,PAGADA,43.0,True
1155,6NCE831,2023-11-18,08:45,140.0,80,RUTA 9,,IMPAGA,60.0,True
1156,M431ZW,2021-08-20,00:00,114.0,60,AV SIEMPRE VIVA,R03,PAGADA,54.0,True
1162,6NCE831,2022-02-10,08:46,62.0,40,AV LIBERTADOR,R01,PAGADA,22.0,True
1164,AWS167,2020-02-03,08:46,85.0,40,RUTA 9,R01,IMPAGA,45.0,True
1166,PIW4215,1932-01-01,08:46,109.0,80,AV SIEMPRE VIVA,,APELADA,29.0,True
1167,81ZFJD,2021-10-18,09:51,113.0,40,AV SIEMPRE VIVA,R02,IMPAGA,73.0,True
1169,2999961,2023-12-02,00:00,155.0,80,RUTA 9,R02,APELADA,75.0,True
1170,81ZFJD,2023-02-06,00:00,116.0,60,AV SIEMPRE VIVA,R02,IMPAGA,56.0,True
1172,YLO8WUE,1932-01-01,08:47,108.0,40,AV LIBERTADOR,,IMPAGA,68.0,True
1173,2999961,2023-04-13,14:43,112.0,80,RUTA 9,,PAGADA,32.0,True
1181,NHZ1002,2020-11-13,18:51,71.0,40,RUTA 9,R03,APELADA,31.0,True
1184,HK06YMX,1932-01-01,18:52,116.0,60,AV SIEMPRE VIVA,R01,ERROR,56.0,True
1186,WEFLYN,1932-01-01,09:52,121.0,60,AV LIBERTADOR,R03,ERROR,61.0,True
1190,FD1475,2022-03-04,00:00,58.0,40,AV LIBERTADOR,R03,ERROR,18.0,True
1191,WU08YWC,2020-05-01,00:00,86.0,80,AV SIEMPRE VIVA,R01,PAGADA,6.0,True
1193,CT5B876,1932-01-01,18:52,46.0,40,RUTA 9,R03,ERROR,6.0,True
1194,MPX9357,1932-01-01,14:44,143.0,80,AV SIEMPRE VIVA,,ERROR,63.0,True
1195,AI7OVF,1932-01-01,09:52,60.0,40,RUTA 9,R01,IMPAGA,20.0,True
1197,GOOGLE,2023-02-13,08:47,67.0,60,AV LIBERTADOR,R02,PAGADA,7.0,True
1200,WU08YWC,1932-01-01,14:44,111.0,60,RUTA 9,R01,IMPAGA,51.0,True
1203,BB8986,1932-01-01,00:00,104.0,60,AV LIBERTADOR,R01,APELADA,44.0,True
1204,HF3461,1932-01-01,18:53,94.0,80,AV SIEMPRE VIVA,R01,PAGADA,14.0,True
1208,6611172,2020-05-07,18:53,61.0,40,AV LIBERTADOR,R03,ERROR,21.0,True
1209,GN64OTP,2021-07-13,09:53,118.0,80,AV LIBERTADOR,R02,PAGADA,38.0,True
1211,WEFLYN,2022-11-22,09:53,105.0,40,AV SIEMPRE VIVA,,APELADA,65.0,True
1221,BM351,2020-05-20,00:00,125.0,80,AV SIEMPRE VIVA,R02,ERROR,45.0,True
1224,PIW4215,2023-08-04,14:44,134.0,80,AV SIEMPRE VIVA,,PAGADA,54.0,True
1226,XIIUME,2021-02-10,09:53,98.0,80,AV LIBERTADOR,,PAGADA,18.0,True
1230,GCP332,2020-06-08,09:54,111.0,40,AV LIBERTADOR,R01,IMPAGA,71.0,True
1231,BHRP770,2022-12-11,14:44,115.0,60,AV LIBERTADOR,R02,APELADA,55.0,True
1236,T0YDR,1932-01-01,00:00,120.0,60,AV SIEMPRE VIVA,R02,PAGADA,60.0,True
1246,WEFLYN,2023-03-05,08:49,46.0,40,RUTA 9,R02,ERROR,6.0,True
1248,VTIIAHV,1932-01-01,14:45,49.0,40,RUTA 9,,PAGADA,9.0,True
1249,81ZFJD,2021-05-19,00:00,120.0,40,RUTA 9,,ERROR,80.0,True
1251,6EVY261,2023-01-05,14:45,133.0,60,AV SIEMPRE VIVA,,ERROR,73.0,True
1254,HF58HXP,2023-07-28,00:00,86.0,80,AV SIEMPRE VIVA,R03,IMPAGA,6.0,True
1255,T0YDR,2020-12-01,09:54,139.0,60,AV LIBERTADOR,R03,APELADA,79.0,True
1256,BX55DOG,2023-02-18,00:00,156.0,80,AV SIEMPRE VIVA,,ERROR,76.0,True
1257,J1S1,2023-08-09,08:50,60.0,40,AV LIBERTADOR,R01,IMPAGA,20.0,True
1258,AWS167,2020-11-05,09:55,107.0,40,AV SIEMPRE VIVA,R01,APELADA,67.0,True
1259,691XC80,2022-11-29,00:00,117.0,80,AV LIBERTADOR,,APELADA,37.0,True
1260,FD1475,2022-01-23,08:50,79.0,60,AV SIEMPRE VIVA,R02,IMPAGA,19.0,True
1263,M431ZW,2021-02-19,09:55,120.0,60,RUTA 9,R03,APELADA,60.0,True
1264,M431ZW,2021-09-19,08:50,132.0,60,AV LIBERTADOR,R01,ERROR,72.0,True
1266,990XYK,2022-05-24,18:55,109.0,40,RUTA 9,R01,PAGADA,69.0,True
1270,UW3932,2023-07-14,08:51,117.0,80,RUTA 9,R03,IMPAGA,37.0,True
1272,WU341A,2022-03-02,08:51,76.0,40,AV SIEMPRE VIVA,R02,ERROR,36.0,True
1273,GN64OTP,2021-12-23,00:00,78.0,40,AV LIBERTADOR,R01,IMPAGA,38.0,True
1276,6EVY261,2021-10-24,00:00,107.0,80,AV LIBERTADOR,R02,PAGADA,27.0,True
1277,DK414N,2022-10-01,14:46,103.0,80,AV SIEMPRE VIVA,,IMPAGA,23.0,True
1279,UW3932,2022-06-13,00:00,68.0,40,RUTA 9,,IMPAGA,28.0,True
1280,81ZFJD,2022-05-03,08:51,103.0,40,RUTA 9,,APELADA,63.0,True
1281,FVIOUHP,2021-12-23,09:56,113.0,80,AV LIBERTADOR,,IMPAGA,33.0,True
1284,5777770,2022-04-11,18:56,64.0,40,AV SIEMPRE VIVA,R02,IMPAGA,24.0,True
1286,NHZ1002,2020-05-20,08:52,79.0,40,AV SIEMPRE VIVA,R03,IMPAGA,39.0,True
1289,NHZ1002,2021-10-15,14:46,146.0,80,RUTA 9,R02,ERROR,66.0,True
1294,TL03GOG,1932-01-01,00:00,87.0,40,RUTA 9,R01,PAGADA,47.0,True
1295,990XYK,2021-08-08,18:56,141.0,80,AV LIBERTADOR,,IMPAGA,61.0,True
1301,589222,2020-12-17,14:47,122.0,60,AV SIEMPRE VIVA,R02,PAGADA,62.0,True
1302,589222,2022-04-03,18:56,64.0,60,RUTA 9,R01,ERROR,4.0,True
1304,8B90638,2021-01-11,09:56,94.0,80,RUTA 9,R02,APELADA,14.0,True
1305,BM351,2020-08-12,08:53,81.0,40,AV LIBERTADOR,R02,PAGADA,41.0,True
1306,810TCH,2020-05-01,00:00,72.0,40,RUTA 9,,PAGADA,32.0,True
1309,2999961,2023-05-12,14:47,122.0,60,AV LIBERTADOR,R01,PAGADA,62.0,True
1310,DK414N,2023-11-26,09:56,153.0,80,AV LIBERTADOR,R03,PAGADA,73.0,True
1313,CD05601,1932-01-01,14:47,100.0,80,AV LIBERTADOR,R01,ERROR,20.0,True
1315,831MDB,2022-12-06,08:54,76.0,60,AV LIBERTADOR,R02,ERROR,16.0,True
1316,GOOGLE,2023-12-10,09:56,79.0,40,AV SIEMPRE VIVA,,IMPAGA,39.0,True
1317,B81JKY,2023-08-27,08:54,96.0,60,AV LIBERTADOR,,IMPAGA,36.0,True
1318,GCP332,2023-02-09,09:56,125.0,80,AV LIBERTADOR,R03,APELADA,45.0,True
1321,UW3932,1932-01-01,14:48,43.0,40,RUTA 9,R03,IMPAGA,3.0,True
1322,GOOGLE,1932-01-01,00:00,92.0,60,AV LIBERTADOR,,APELADA,32.0,True
1326,VY90540,2022-09-24,18:57,145.0,80,AV LIBERTADOR,R03,APELADA,65.0,True
1328,W326AVE,2023-04-13,14:48,126.0,80,AV LIBERTADOR,R02,ERROR,46.0,True
1329,GOOGLE,2020-03-31,18:57,46.0,40,AV LIBERTADOR,R01,PAGADA,6.0,True
1330,VNK296GP,2020-12-05,08:54,107.0,80,RUTA 9,R01,APELADA,27.0,True
1331,NTHGLFT,1932-01-01,00:00,102.0,80,AV LIBERTADOR,R02,IMPAGA,22.0,True
1332,UM96201,2021-03-27,18:57,91.0,60,AV LIBERTADOR,R02,APELADA,31.0,True
1335,OUTSTDN,2023-10-27,00:00,58.0,40,RUTA 9,R01,PAGADA,18.0,True
1336,NHZ1002,2023-08-22,09:57,96.0,40,AV LIBERTADOR,R01,ERROR,56.0,True
1337,MVU4688,2023-12-26,18:57,122.0,60,AV LIBERTADOR,R03,IMPAGA,62.0,True
1339,RFH373,1932-01-01,09:57,72.0,40,AV SIEMPRE VIVA,,IMPAGA,32.0,True
1340,9999868,2021-03-22,08:55,128.0,80,AV SIEMPRE VIVA,R03,APELADA,48.0,True
1342,GLEN1E,2022-03-15,09:57,130.0,60,AV SIEMPRE VIVA,R01,ERROR,70.0,True
1346,CBMUK,2023-03-12,08:55,117.0,80,AV SIEMPRE VIVA,,IMPAGA,37.0,True
1348,NTHGLFT,2021-11-28,14:48,98.0,60,AV LIBERTADOR,,PAGADA,38.0,True
1349,GOOGLE,2023-12-31,18:58,49.0,40,RUTA 9,R02,PAGADA,9.0,True
1351,691XC80,1932-01-01,18:58,78.0,60,AV LIBERTADOR,,APELADA,18.0,True
1352,B81JKY,2020-12-21,00:00,117.0,80,RUTA 9,R01,IMPAGA,37.0,True
1354,W326AVE,2021-01-11,14:48,117.0,60,RUTA 9,R03,IMPAGA,57.0,True
1359,0695DVH,2020-12-29,09:58,126.0,60,AV SIEMPRE VIVA,R03,PAGADA,66.0,True
1361,6NCE831,2022-04-10,08:55,75.0,60,AV LIBERTADOR,R01,IMPAGA,15.0,True
1368,VNK296GP,2022-02-01,08:56,68.0,60,AV LIBERTADOR,,IMPAGA,8.0,True
1369,J1S1,2023-07-29,18:59,98.0,80,AV SIEMPRE VIVA,R03,ERROR,18.0,True
1370,CBMUK,2023-01-25,09:58,112.0,80,AV SIEMPRE VIVA,R03,APELADA,32.0,True
1372,CBMUK,1932-01-01,09:59,126.0,80,RUTA 9,R03,ERROR,46.0,True
1373,41RSTZ,2022-10-08,14:48,43.0,40,AV LIBERTADOR,R01,ERROR,3.0,True
1374,HAMSTUR,2020-12-11,08:56,107.0,80,RUTA 9,R02,ERROR,27.0,True
1379,HK06YMX,2020-02-04,14:49,91.0,60,RUTA 9,,PAGADA,31.0,True
1380,BM351,2021-03-08,08:56,90.0,80,RUTA 9,R01,PAGADA,10.0,True
1381,BM351,1932-01-01,14:49,107.0,40,AV LIBERTADOR,R01,APELADA,67.0,True
1383,M20CPR,2020-05-18,19:00,99.0,60,AV LIBERTADOR,,APELADA,39.0,True
1387,6NCE831,2022-06-02,09:59,136.0,80,AV SIEMPRE VIVA,,PAGADA,56.0,True
1388,2999961,1932-01-01,14:50,118.0,80,AV LIBERTADOR,R03,IMPAGA,38.0,True
1389,VTIIAHV,1932-01-01,08:57,57.0,40,RUTA 9,R03,ERROR,17.0,True
1391,UM96201,2023-01-08,08:57,94.0,80,RUTA 9,R03,PAGADA,14.0,True
1394,41RSTZ,2022-06-02,08:57,137.0,80,AV LIBERTADOR,R01,ERROR,57.0,True
1396,CBMUK,2023-11-29,08:57,69.0,40,RUTA 9,R02,PAGADA,29.0,True
1398,TL03GOG,2023-03-15,14:50,86.0,60,RUTA 9,R01,IMPAGA,26.0,True
1399,XIIUME,1932-01-01,00:00,105.0,40,AV LIBERTADOR,R02,IMPAGA,65.0,True
1401,DI2LOT,2020-11-14,19:00,98.0,80,AV LIBERTADOR,,APELADA,18.0,True
1409,691XC80,2023-12-12,00:00,145.0,80,AV LIBERTADOR,R02,PAGADA,65.0,True
1410,HF3461,1932-01-01,00:00,65.0,60,AV SIEMPRE VIVA,,PAGADA,5.0,True
1411,AWS167,1932-01-01,19:01,126.0,80,AV LIBERTADOR,,ERROR,46.0,True
1412,GE1466,2022-07-11,14:51,117.0,60,AV SIEMPRE VIVA,R03,PAGADA,57.0,True
1414,HAMSTUR,2023-11-21,14:51,147.0,80,AV SIEMPRE VIVA,R02,IMPAGA,67.0,True
1416,FVIOUHP,2020-07-13,10:00,100.0,80,AV LIBERTADOR,R03,ERROR,20.0,True
1419,W326AVE,2020-01-28,10:00,72.0,40,RUTA 9,R02,APELADA,32.0,True
1420,6NCE831,2022-07-01,14:52,108.0,60,AV SIEMPRE VIVA,R03,PAGADA,48.0,True
1423,FD1475,2022-12-15,08:58,106.0,80,AV LIBERTADOR,,IMPAGA,26.0,True
1424,M431ZW,2023-11-09,19:01,96.0,80,AV SIEMPRE VIVA,R02,ERROR,16.0,True
1427,HF3461,1932-01-01,10:00,98.0,40,AV LIBERTADOR,R01,PAGADA,58.0,True
1428,BP717,2020-10-12,00:00,55.0,40,AV SIEMPRE VIVA,R03,IMPAGA,15.0,True
1431,81ZFJD,2020-04-28,00:00,120.0,80,AV LIBERTADOR,,ERROR,40.0,True
1434,NTHGLFT,2022-04-23,19:02,122.0,60,AV LIBERTADOR,R01,PAGADA,62.0,True
1437,BB8986,1932-01-01,10:01,102.0,80,AV LIBERTADOR,R03,PAGADA,22.0,True
1438,NHZ1002,1932-01-01,14:53,113.0,40,AV LIBERTADOR,R01,APELADA,73.0,True
1440,OUTSTDN,2020-04-08,19:02,115.0,60,AV LIBERTADOR,,PAGADA,55.0,True
1443,WU341A,2021-07-10,10:01,136.0,60,AV SIEMPRE VIVA,R01,APELADA,76.0,True
1449,CT5B876,2020-03-28,08:59,96.0,40,AV SIEMPRE VIVA,R02,PAGADA,56.0,True
1451,831MDB,1932-01-01,14:53,100.0,80,RUTA 9,,IMPAGA,20.0,True
1452,3646HBH,2022-09-15,08:59,154.0,80,RUTA 9,R02,ERROR,74.0,True
1454,B81JKY,2020-09-18,14:54,110.0,40,AV LIBERTADOR,,IMPAGA,70.0,True
1458,VNK296GP,2023-12-21,19:03,99.0,60,AV LIBERTADOR,R01,PAGADA,39.0,True
1460,6611172,2022-11-11,19:03,126.0,80,RUTA 9,R01,ERROR,46.0,True
1463,MX60NZA,2022-07-08,14:54,73.0,40,AV SIEMPRE VIVA,R01,ERROR,33.0,True
1465,GLEN1E,2021-10-22,09:00,89.0,40,RUTA 9,R01,ERROR,49.0,True
1466,HF58HXP,1932-01-01,19:03,121.0,80,RUTA 9,,APELADA,41.0,True
1468,BHRP770,2021-02-09,09:00,95.0,80,AV SIEMPRE VIVA,R02,IMPAGA,15.0,True
1475,AI7OVF,2022-02-23,19:04,106.0,60,AV LIBERTADOR,,ERROR,46.0,True
1476,HK06YMX,1932-01-01,19:04,125.0,80,AV LIBERTADOR,R01,ERROR,45.0,True
1477,VTIIAHV,1932-01-01,00:00,102.0,60,AV LIBERTADOR,,IMPAGA,42.0,True
1481,PIW4215,1932-01-01,00:00,73.0,60,AV LIBERTADOR,R01,PAGADA,13.0,True
1483,MX60NZA,1932-01-01,14:54,148.0,80,AV LIBERTADOR,,IMPAGA,68.0,True
1490,M20CPR,2020-07-01,14:55,93.0,80,RUTA 9,R01,IMPAGA,13.0,True
1491,UW3932,2021-11-14,09:02,118.0,60,AV SIEMPRE VIVA,R03,IMPAGA,58.0,True
1493,UM96201,2020-02-29,00:00,118.0,40,AV SIEMPRE VIVA,R03,ERROR,78.0,True
1495,FVIOUHP,2021-07-03,10:02,119.0,60,AV SIEMPRE VIVA,R01,PAGADA,59.0,True
1499,NHZ1002,2023-05-29,10:02,56.0,40,RUTA 9,R01,APELADA,16.0,True
1500,NTHGLFT,2022-03-23,19:05,81.0,60,RUTA 9,R02,APELADA,21.0,True
1503,6611172,2022-02-23,14:55,92.0,40,AV LIBERTADOR,,PAGADA,52.0,True
1504,XIIUME,2020-03-18,09:02,100.0,80,AV LIBERTADOR,R02,ERROR,20.0,True
1505,990XYK,2023-04-03,10:03,117.0,40,RUTA 9,R01,APELADA,77.0,True
1510,6NCE831,2023-08-23,00:00,109.0,80,RUTA 9,R03,ERROR,29.0,True
1513,NTHGLFT,2023-04-17,10:03,114.0,80,RUTA 9,R01,PAGADA,34.0,True
1514,GLEN1E,2022-03-09,10:03,137.0,80,RUTA 9,R02,ERROR,57.0,True
1516,MX60NZA,2021-05-20,14:56,99.0,60,AV SIEMPRE VIVA,R02,ERROR,39.0,True
1517,BHRP770,1932-01-01,19:05,101.0,40,RUTA 9,R02,IMPAGA,61.0,True
1519,B81JKY,2021-01-03,00:00,94.0,80,AV SIEMPRE VIVA,R02,APELADA,14.0,True
1521,HAMSTUR,2022-09-12,09:02,94.0,40,AV SIEMPRE VIVA,R03,APELADA,54.0,True
1524,810TCH,2022-05-03,19:06,132.0,60,AV SIEMPRE VIVA,,ERROR,72.0,True
1525,5777770,2021-07-09,00:00,91.0,80,AV SIEMPRE VIVA,,ERROR,11.0,True
1526,TL03GOG,2020-03-08,10:04,133.0,80,AV LIBERTADOR,R02,PAGADA,53.0,True
1528,691XC80,2021-01-06,09:03,105.0,60,AV SIEMPRE VIVA,R01,IMPAGA,45.0,True
1530,3646HBH,2023-11-12,09:03,123.0,80,AV LIBERTADOR,,PAGADA,43.0,True
1531,M20CPR,2020-11-17,00:00,96.0,40,AV SIEMPRE VIVA,R01,APELADA,56.0,True
1535,HK06YMX,2021-05-07,10:04,128.0,60,RUTA 9,R01,ERROR,68.0,True
1541,TL03GOG,2020-07-06,19:06,75.0,40,AV SIEMPRE VIVA,R02,PAGADA,35.0,True
1542,5777770,1932-01-01,10:04,88.0,60,AV LIBERTADOR,R02,APELADA,28.0,True
1547,BX55DOG,1932-01-01,00:00,51.0,40,AV LIBERTADOR,R01,PAGADA,11.0,True
1549,MPX9357,1932-01-01,14:57,74.0,40,AV SIEMPRE VIVA,R01,PAGADA,34.0,True
1552,41RSTZ,2020-10-28,00:00,98.0,80,AV SIEMPRE VIVA,R02,PAGADA,18.0,True
1554,UW3932,2023-07-08,00:00,87.0,80,AV LIBERTADOR,R03,APELADA,7.0,True
1559,831MDB,2020-06-20,09:03,89.0,40,AV SIEMPRE VIVA,R03,IMPAGA,49.0,True
1561,VNK296GP,1932-01-01,09:04,120.0,40,AV SIEMPRE VIVA,,APELADA,80.0,True
1562,2999961,2023-02-13,09:04,80.0,40,AV SIEMPRE VIVA,R02,APELADA,40.0,True
1563,W326AVE,2023-10-27,10:06,153.0,80,RUTA 9,R01,PAGADA,73.0,True
1565,OUTSTDN,1932-01-01,09:04,89.0,60,AV LIBERTADOR,R01,PAGADA,29.0,True
1566,DI2LOT,2022-01-24,09:04,71.0,40,AV LIBERTADOR,R02,PAGADA,31.0,True
1570,VY90540,2023-05-20,14:58,58.0,40,RUTA 9,R01,APELADA,18.0,True
1571,GOOGLE,1932-01-01,00:00,46.0,40,RUTA 9,,IMPAGA,6.0,True
1572,YLO8WUE,2022-09-15,19:07,119.0,60,AV LIBERTADOR,R01,IMPAGA,59.0,True
1573,VTIIAHV,1932-01-01,09:04,91.0,40,AV LIBERTADOR,R01,APELADA,51.0,True
1575,6611172,2020-01-18,09:05,92.0,40,RUTA 9,,IMPAGA,52.0,True
1578,TL03GOG,1932-01-01,10:07,84.0,60,RUTA 9,R02,IMPAGA,24.0,True
1582,CBMUK,1932-01-01,09:05,87.0,80,AV SIEMPRE VIVA,,APELADA,7.0,True
1588,MX60NZA,2020-02-10,19:07,94.0,40,AV SIEMPRE VIVA,R02,ERROR,54.0,True
1589,691XC80,2020-06-20,00:00,134.0,60,AV SIEMPRE VIVA,R02,PAGADA,74.0,True
1590,FD1475,2022-08-09,09:06,110.0,40,AV SIEMPRE VIVA,R03,PAGADA,70.0,True
1595,6611172,1932-01-01,10:07,144.0,80,RUTA 9,R01,APELADA,64.0,True
1596,M431ZW,1932-01-01,00:00,122.0,80,AV SIEMPRE VIVA,R02,IMPAGA,42.0,True
1597,GCP332,2023-01-03,00:00,53.0,40,AV LIBERTADOR,,IMPAGA,13.0,True
1600,WU08YWC,2022-08-23,19:08,114.0,80,RUTA 9,,APELADA,34.0,True
1605,UW3932,2021-07-04,00:00,81.0,60,AV SIEMPRE VIVA,R03,IMPAGA,21.0,True
1607,810TCH,1932-01-01,14:59,49.0,40,AV LIBERTADOR,R02,APELADA,9.0,True
1608,WU08YWC,2023-10-03,00:00,107.0,60,AV SIEMPRE VIVA,R01,ERROR,47.0,True
1616,41RSTZ,1932-01-01,10:08,120.0,80,AV LIBERTADOR,,PAGADA,40.0,True
1617,990XYK,2022-10-14,19:09,95.0,60,AV LIBERTADOR,,APELADA,35.0,True
1618,B81JKY,2022-03-28,00:00,105.0,60,AV SIEMPRE VIVA,R01,IMPAGA,45.0,True
1622,HF3461,2022-09-12,14:59,45.0,40,RUTA 9,R01,IMPAGA,5.0,True
1623,810TCH,2021-09-06,19:09,95.0,80,AV LIBERTADOR,R01,ERROR,15.0,True
1624,5777770,1932-01-01,00:00,106.0,60,AV LIBERTADOR,,APELADA,46.0,True
1628,FVIOUHP,2022-08-01,00:00,135.0,60,AV LIBERTADOR,R02,IMPAGA,75.0,True
1630,3646HBH,1932-01-01,09:07,112.0,40,AV LIBERTADOR,R03,IMPAGA,72.0,True
1631,W326AVE,2021-06-23,14:59,90.0,40,AV SIEMPRE VIVA,R02,APELADA,50.0,True
1632,HF3461,2021-04-09,00:00,57.0,40,AV SIEMPRE VIVA,R01,APELADA,17.0,True
1634,B81JKY,2022-01-10,10:09,123.0,60,AV SIEMPRE VIVA,R03,PAGADA,63.0,True
1636,0695DVH,2023-05-03,19:10,151.0,80,RUTA 9,R02,ERROR,71.0,True
1641,81ZFJD,2023-10-23,15:00,91.0,60,AV LIBERTADOR,R03,ERROR,31.0,True
1644,WEFLYN,1932-01-01,15:00,109.0,80,AV LIBERTADOR,R03,PAGADA,29.0,True
1645,TL03GOG,2023-01-01,10:09,111.0,60,AV LIBERTADOR,R03,APELADA,51.0,True
1647,RFH373,1932-01-01,15:00,86.0,60,RUTA 9,R02,IMPAGA,26.0,True
1650,41RSTZ,2022-05-17,10:10,78.0,60,RUTA 9,R02,PAGADA,18.0,True
1651,VNK296GP,2021-12-29,09:08,89.0,80,RUTA 9,R03,ERROR,9.0,True
1653,CD05601,2020-11-21,19:10,135.0,60,AV SIEMPRE VIVA,R02,PAGADA,75.0,True
1654,HK06YMX,2023-11-01,15:00,160.0,80,RUTA 9,,PAGADA,80.0,True
1657,6EVY261,1932-01-01,00:00,75.0,60,AV SIEMPRE VIVA,R01,IMPAGA,15.0,True
1664,CD05601,1932-01-01,19:11,71.0,40,AV LIBERTADOR,R03,ERROR,31.0,True
1665,GOOGLE,2021-04-08,09:08,79.0,60,RUTA 9,R03,PAGADA,19.0,True
1667,W326AVE,2023-02-04,10:10,127.0,60,AV SIEMPRE VIVA,,IMPAGA,67.0,True
1668,FVIOUHP,2022-06-03,10:11,84.0,60,AV LIBERTADOR,R01,IMPAGA,24.0,True
1673,GN64OTP,2023-03-24,19:11,158.0,80,RUTA 9,,IMPAGA,78.0,True
1680,MPX9357,2022-06-01,09:08,151.0,80,AV LIBERTADOR,R03,APELADA,71.0,True
1683,810TCH,2021-03-23,10:11,116.0,80,AV SIEMPRE VIVA,,APELADA,36.0,True
1686,FVIOUHP,2022-06-15,19:12,43.0,40,RUTA 9,R01,PAGADA,3.0,True
1687,589222,2023-08-05,09:09,81.0,60,RUTA 9,,ERROR,21.0,True
1692,HAMSTUR,2020-08-01,19:12,116.0,40,AV LIBERTADOR,R03,APELADA,76.0,True
1700,M20CPR,2020-12-18,09:10,97.0,80,AV SIEMPRE VIVA,R01,ERROR,17.0,True
1701,9999868,2020-01-19,10:12,89.0,60,RUTA 9,R01,APELADA,29.0,True
1702,WU08YWC,2022-08-02,19:13,80.0,40,RUTA 9,R02,PAGADA,40.0,True
1707,6EVY261,2021-07-23,19:13,103.0,80,AV LIBERTADOR,,ERROR,23.0,True
1708,990XYK,1932-01-01,09:10,89.0,80,AV SIEMPRE VIVA,,PAGADA,9.0,True
1709,RFH373,2023-05-07,19:13,123.0,80,AV SIEMPRE VIVA,,ERROR,43.0,True
1711,TL03GOG,1932-01-01,00:00,80.0,40,AV LIBERTADOR,R01,IMPAGA,40.0,True
1713,M20CPR,2020-03-30,09:10,125.0,80,AV LIBERTADOR,,IMPAGA,45.0,True
1716,BP717,2020-03-08,19:14,94.0,40,AV SIEMPRE VIVA,R03,PAGADA,54.0,True
1717,CD05601,2023-02-07,19:14,118.0,40,RUTA 9,R02,IMPAGA,78.0,True
1720,M431ZW,2021-10-26,10:12,86.0,60,AV LIBERTADOR,R01,ERROR,26.0,True
1724,8B90638,2021-09-14,15:02,104.0,80,AV SIEMPRE VIVA,R02,ERROR,24.0,True
1726,RFH373,2020-06-13,15:03,110.0,60,AV LIBERTADOR,R02,IMPAGA,50.0,True
1729,HF58HXP,2020-02-14,19:15,97.0,60,RUTA 9,R01,PAGADA,37.0,True
1730,RFH373,1932-01-01,09:11,53.0,40,AV LIBERTADOR,,ERROR,13.0,True
1731,B81JKY,2020-06-14,09:11,92.0,40,AV SIEMPRE VIVA,R01,APELADA,52.0,True
1733,UM96201,2020-03-20,19:15,125.0,80,AV LIBERTADOR,R02,APELADA,45.0,True
1735,AI7OVF,2020-05-01,00:00,151.0,80,AV SIEMPRE VIVA,R02,ERROR,71.0,True
1736,BP717,2021-01-23,19:15,65.0,40,AV LIBERTADOR,R03,IMPAGA,25.0,True
1737,81ZFJD,2023-10-06,00:00,87.0,40,AV LIBERTADOR,R03,APELADA,47.0,True
1743,MVU4688,1932-01-01,19:16,72.0,40,AV SIEMPRE VIVA,R03,ERROR,32.0,True
1746,HF58HXP,2023-10-01,00:00,112.0,40,RUTA 9,R03,PAGADA,72.0,True
1748,BP717,2023-04-25,10:13,139.0,80,AV SIEMPRE VIVA,R03,IMPAGA,59.0,True
1749,NHZ1002,2021-07-09,19:16,102.0,40,AV SIEMPRE VIVA,R01,APELADA,62.0,True
1751,GE1466,2020-06-06,15:03,146.0,80,AV LIBERTADOR,R02,ERROR,66.0,True
1752,WEFLYN,2023-09-04,15:03,145.0,80,AV LIBERTADOR,R03,ERROR,65.0,True
1754,6611172,2023-02-19,10:14,89.0,60,AV SIEMPRE VIVA,R02,APELADA,29.0,True
1755,T0YDR,1932-01-01,10:14,97.0,80,RUTA 9,,PAGADA,17.0,True
1760,PIW4215,2021-08-10,10:14,137.0,80,AV SIEMPRE VIVA,R03,ERROR,57.0,True
1761,GCP332,2020-08-02,09:12,89.0,40,AV SIEMPRE VIVA,R01,APELADA,49.0,True
1762,GE1466,2021-11-04,19:16,87.0,60,AV SIEMPRE VIVA,,IMPAGA,27.0,True
1763,GCP332,2020-06-11,10:15,110.0,40,RUTA 9,R02,ERROR,70.0,True
1765,BHRP770,2021-04-19,15:04,104.0,80,RUTA 9,,ERROR,24.0,True
1766,GN64OTP,2022-06-28,15:04,123.0,60,AV LIBERTADOR,R01,PAGADA,63.0,True
1767,AWS167,2022-10-30,10:15,128.0,80,AV LIBERTADOR,R02,APELADA,48.0,True
1770,VTIIAHV,2020-08-04,09:12,143.0,80,RUTA 9,R03,APELADA,63.0,True
1771,OUTSTDN,2020-12-22,19:16,67.0,40,AV LIBERTADOR,,PAGADA,27.0,True
1777,81ZFJD,1932-01-01,19:17,116.0,60,AV LIBERTADOR,R01,ERROR,56.0,True
1778,MVU4688,2020-09-07,19:17,84.0,60,AV SIEMPRE VIVA,,IMPAGA,24.0,True
1779,J1S1,2023-05-21,10:15,112.0,40,AV SIEMPRE VIVA,R01,ERROR,72.0,True
1780,M20CPR,1932-01-01,10:16,150.0,80,AV LIBERTADOR,R03,APELADA,70.0,True
1783,9999868,2021-07-27,19:17,91.0,80,AV LIBERTADOR,,PAGADA,11.0,True
1788,831MDB,2020-03-22,10:16,105.0,80,AV SIEMPRE VIVA,R03,ERROR,25.0,True
1789,RFH373,2023-09-26,10:17,153.0,80,AV SIEMPRE VIVA,,APELADA,73.0,True
1790,CT5B876,2023-03-24,15:05,59.0,40,AV LIBERTADOR,R03,PAGADA,19.0,True
1792,CT5B876,2021-07-09,15:05,132.0,60,AV LIBERTADOR,,IMPAGA,72.0,True
1793,GOOGLE,1932-01-01,19:17,129.0,80,AV LIBERTADOR,R02,ERROR,49.0,True
1794,6EVY261,2022-09-27,00:00,65.0,60,RUTA 9,R02,PAGADA,5.0,True
1797,9999868,1932-01-01,15:05,101.0,80,AV SIEMPRE VIVA,R02,IMPAGA,21.0,True
1798,6EVY261,1932-01-01,09:12,133.0,60,AV LIBERTADOR,,PAGADA,73.0,True
1801,AWS167,2022-12-07,15:05,61.0,40,AV SIEMPRE VIVA,R03,ERROR,21.0,True
1803,GN64OTP,2023-06-05,10:17,49.0,40,RUTA 9,,PAGADA,9.0,True
1804,MVU4688,2023-03-21,09:13,97.0,80,AV SIEMPRE VIVA,R01,ERROR,17.0,True
1805,WEFLYN,2022-07-22,15:06,46.0,40,AV SIEMPRE VIVA,,ERROR,6.0,True
1806,FD1475,1932-01-01,15:06,82.0,60,AV SIEMPRE VIVA,R03,IMPAGA,22.0,True
1810,9999868,2022-06-15,00:00,158.0,80,AV LIBERTADOR,R03,ERROR,78.0,True
1812,MX60NZA,2020-08-25,15:06,83.0,60,AV LIBERTADOR,R02,APELADA,23.0,True
1814,GLEN1E,2020-09-02,09:13,118.0,80,AV SIEMPRE VIVA,R01,ERROR,38.0,True
1817,VNK296GP,2021-08-22,00:00,88.0,40,AV SIEMPRE VIVA,R02,APELADA,48.0,True
1820,MX60NZA,2023-12-29,15:07,134.0,60,RUTA 9,,PAGADA,74.0,True
1821,831MDB,1932-01-01,19:18,95.0,40,AV LIBERTADOR,,IMPAGA,55.0,True
1822,GCP332,1932-01-01,09:13,101.0,80,AV LIBERTADOR,R03,APELADA,21.0,True
1828,810TCH,2023-03-25,09:14,160.0,80,AV LIBERTADOR,R01,IMPAGA,80.0,True
1831,OUTSTDN,2020-10-30,15:07,137.0,60,RUTA 9,R02,ERROR,77.0,True
1832,J1S1,2022-05-31,09:14,48.0,40,RUTA 9,R02,APELADA,8.0,True
1833,MVU4688,2022-10-30,00:00,74.0,60,RUTA 9,R01,APELADA,14.0,True
1840,3646HBH,1932-01-01,09:15,86.0,40,AV LIBERTADOR,R03,APELADA,46.0,True
1841,DK414N,2021-04-01,09:15,124.0,60,AV SIEMPRE VIVA,,IMPAGA,64.0,True
1842,831MDB,2020-09-22,09:15,98.0,40,AV LIBERTADOR,,ERROR,58.0,True
1845,W326AVE,1932-01-01,09:15,78.0,60,AV LIBERTADOR,R03,PAGADA,18.0,True
1847,BHRP770,2021-04-07,09:16,67.0,40,RUTA 9,R03,APELADA,27.0,True
1848,DK414N,2020-05-28,09:16,81.0,40,AV SIEMPRE VIVA,R01,PAGADA,41.0,True
1851,HAMSTUR,2021-11-13,19:19,95.0,40,AV LIBERTADOR,R01,ERROR,55.0,True
1852,810TCH,2022-06-02,09:16,70.0,40,AV LIBERTADOR,,APELADA,30.0,True
1853,HF3461,2021-07-16,00:00,79.0,60,AV SIEMPRE VIVA,,PAGADA,19.0,True
1854,YLO8WUE,2020-02-01,10:19,98.0,80,AV LIBERTADOR,R02,IMPAGA,18.0,True
1855,T0YDR,1932-01-01,09:16,105.0,60,AV SIEMPRE VIVA,R01,ERROR,45.0,True
1857,GCP332,1932-01-01,00:00,159.0,80,RUTA 9,R01,IMPAGA,79.0,True
1861,CD05601,2022-05-18,15:07,120.0,60,RUTA 9,R03,IMPAGA,60.0,True
1863,WU341A,1932-01-01,00:00,123.0,60,AV SIEMPRE VIVA,R01,PAGADA,63.0,True
1865,MVU4688,2023-02-25,00:00,88.0,60,AV SIEMPRE VIVA,R02,IMPAGA,28.0,True
1866,GLEN1E,2020-03-02,15:07,122.0,60,RUTA 9,,IMPAGA,62.0,True
1867,GN64OTP,1932-01-01,00:00,44.0,40,AV LIBERTADOR,R01,ERROR,4.0,True
1872,GCP332,2021-02-28,15:08,96.0,40,RUTA 9,R03,ERROR,56.0,True
1876,VTIIAHV,2022-11-20,00:00,110.0,60,AV LIBERTADOR,R03,PAGADA,50.0,True
1878,AWS167,1932-01-01,10:20,144.0,80,AV LIBERTADOR,R01,PAGADA,64.0,True
1880,UW3932,2020-09-04,15:08,96.0,40,AV LIBERTADOR,R01,ERROR,56.0,True
1887,810TCH,2023-02-14,00:00,91.0,80,AV LIBERTADOR,,PAGADA,11.0,True
1892,WU341A,2023-04-15,19:20,109.0,80,AV LIBERTADOR,R01,IMPAGA,29.0,True
1894,RFH373,1932-01-01,09:18,75.0,40,AV LIBERTADOR,R03,ERROR,35.0,True
1899,PIW4215,1932-01-01,00:00,93.0,80,RUTA 9,R02,IMPAGA,13.0,True
1901,B81JKY,2023-10-15,00:00,75.0,60,AV LIBERTADOR,R01,APELADA,15.0,True
1904,M431ZW,2021-05-23,00:00,66.0,40,AV SIEMPRE VIVA,,APELADA,26.0,True
1907,2999961,1932-01-01,10:20,157.0,80,RUTA 9,R03,IMPAGA,77.0,True
1910,HAMSTUR,2020-09-16,19:21,111.0,40,AV LIBERTADOR,R03,APELADA,71.0,True
1912,8B90638,1932-01-01,00:00,112.0,60,AV LIBERTADOR,,IMPAGA,52.0,True
1914,HF58HXP,2023-02-07,00:00,78.0,40,AV LIBERTADOR,R01,PAGADA,38.0,True
1915,MVU4688,2022-06-01,15:10,79.0,60,AV SIEMPRE VIVA,R02,APELADA,19.0,True
1918,831MDB,2022-05-28,19:21,104.0,80,AV LIBERTADOR,,IMPAGA,24.0,True
1919,TL03GOG,1932-01-01,19:21,83.0,40,RUTA 9,R02,IMPAGA,43.0,True
1920,GN64OTP,2022-06-18,15:10,99.0,80,AV SIEMPRE VIVA,R02,IMPAGA,19.0,True
1921,M431ZW,1932-01-01,09:19,105.0,60,AV SIEMPRE VIVA,R03,PAGADA,45.0,True
1922,INTIGR8,2023-06-05,00:00,74.0,40,AV LIBERTADOR,,APELADA,34.0,True
1924,M20CPR,2022-08-28,00:00,116.0,60,AV SIEMPRE VIVA,R01,ERROR,56.0,True
1927,M20CPR,2020-07-28,09:20,155.0,80,AV LIBERTADOR,,IMPAGA,75.0,True
1934,WU08YWC,2022-06-01,15:10,159.0,80,AV LIBERTADOR,R02,ERROR,79.0,True
1935,T0YDR,1932-01-01,10:21,102.0,60,AV SIEMPRE VIVA,,PAGADA,42.0,True
1936,GOOGLE,2021-08-20,09:20,129.0,80,AV LIBERTADOR,R02,IMPAGA,49.0,True
1939,BB8986,2023-01-23,19:21,101.0,60,RUTA 9,,ERROR,41.0,True
1943,DK414N,1932-01-01,10:22,100.0,40,AV SIEMPRE VIVA,R03,PAGADA,60.0,True
1944,WU08YWC,1932-01-01,09:20,77.0,40,AV SIEMPRE VIVA,,ERROR,37.0,True
1947,RFH373,2023-05-21,19:22,74.0,60,AV SIEMPRE VIVA,R03,IMPAGA,14.0,True
1948,CT5B876,1932-01-01,19:22,155.0,80,RUTA 9,R01,APELADA,75.0,True
1951,41RSTZ,2020-12-14,19:22,116.0,40,RUTA 9,R01,ERROR,76.0,True
1953,FVIOUHP,1932-01-01,09:20,115.0,60,AV SIEMPRE VIVA,R03,IMPAGA,55.0,True
1954,AWS167,2022-03-09,15:11,150.0,80,RUTA 9,R03,ERROR,70.0,True
1955,0695DVH,2021-12-05,19:23,139.0,60,AV LIBERTADOR,R01,PAGADA,79.0,True
1956,VY90540,2022-06-21,00:00,46.0,40,RUTA 9,R02,ERROR,6.0,True
1958,GCP332,2021-06-07,00:00,124.0,80,AV LIBERTADOR,R01,APELADA,44.0,True
1968,OUTSTDN,2022-02-21,00:00,117.0,80,AV LIBERTADOR,R03,ERROR,37.0,True
1970,VY90540,2022-02-13,09:21,116.0,60,RUTA 9,R02,PAGADA,56.0,True
1979,HAMSTUR,2021-01-23,10:23,107.0,40,RUTA 9,R02,APELADA,67.0,True
1981,GN64OTP,2021-05-03,10:23,107.0,40,AV LIBERTADOR,R01,PAGADA,67.0,True
1984,AWS167,1932-01-01,15:11,78.0,40,AV LIBERTADOR,R03,APELADA,38.0,True
1985,M431ZW,1932-01-01,19:25,137.0,80,AV SIEMPRE VIVA,R01,ERROR,57.0,True
1989,W326AVE,2022-10-12,15:12,109.0,40,AV LIBERTADOR,R03,APELADA,69.0,True
1990,BB8986,1932-01-01,10:23,121.0,80,AV SIEMPRE VIVA,,ERROR,41.0,True
1999,XIIUME,2021-01-01,10:24,131.0,80,AV LIBERTADOR,R02,ERROR,51.0,True
2000,CT5B876,2021-06-20,19:25,86.0,40,RUTA 9,R01,APELADA,46.0,True
2002,HF3461,2021-04-10,10:24,100.0,80,RUTA 9,R01,APELADA,20.0,True
2003,0695DVH,1932-01-01,19:26,154.0,80,RUTA 9,R01,APELADA,74.0,True
2005,810TCH,2021-08-18,09:22,64.0,40,AV SIEMPRE VIVA,R01,APELADA,24.0,True
2007,8B90638,1932-01-01,15:12,84.0,60,RUTA 9,R01,ERROR,24.0,True
2008,W326AVE,2022-09-19,15:13,93.0,60,AV LIBERTADOR,R02,APELADA,33.0,True
2009,3646HBH,2023-03-05,00:00,120.0,60,AV SIEMPRE VIVA,R02,IMPAGA,60.0,True
2010,831MDB,2021-04-25,00:00,75.0,40,RUTA 9,R03,APELADA,35.0,True
2011,990XYK,2020-07-18,09:22,118.0,80,RUTA 9,R03,IMPAGA,38.0,True
2012,NHZ1002,2021-05-05,19:26,128.0,80,RUTA 9,R01,IMPAGA,48.0,True
2014,AWS167,2021-03-15,15:13,159.0,80,AV LIBERTADOR,R01,IMPAGA,79.0,True
2017,M431ZW,2023-09-19,00:00,122.0,80,RUTA 9,R03,ERROR,42.0,True
2019,UM96201,2023-06-23,09:22,112.0,40,AV SIEMPRE VIVA,R02,APELADA,72.0,True
2020,9999868,2023-12-16,19:27,89.0,40,AV LIBERTADOR,,ERROR,49.0,True
2021,AWS167,1932-01-01,19:27,51.0,40,AV SIEMPRE VIVA,R01,PAGADA,11.0,True
2022,810TCH,1932-01-01,00:00,81.0,60,AV LIBERTADOR,R02,IMPAGA,21.0,True
2023,INTIGR8,1932-01-01,19:27,105.0,60,AV SIEMPRE VIVA,R02,ERROR,45.0,True
2026,HK06YMX,1932-01-01,19:27,116.0,40,RUTA 9,,ERROR,76.0,True
2029,6611172,1932-01-01,09:23,115.0,80,AV LIBERTADOR,,PAGADA,35.0,True
2032,GE1466,1932-01-01,00:00,106.0,80,AV LIBERTADOR,R03,ERROR,26.0,True
2033,CBMUK,1932-01-01,15:13,85.0,60,AV LIBERTADOR,R01,PAGADA,25.0,True
2036,3646HBH,2020-10-19,09:23,86.0,40,RUTA 9,R01,ERROR,46.0,True
2040,FD1475,1932-01-01,19:28,97.0,60,AV SIEMPRE VIVA,R01,IMPAGA,37.0,True
2042,XIIUME,2022-09-11,09:23,81.0,60,AV LIBERTADOR,R01,PAGADA,21.0,True
2044,6611172,1932-01-01,09:24,155.0,80,AV SIEMPRE VIVA,R02,IMPAGA,75.0,True
2050,0695DVH,2023-07-05,15:14,116.0,60,AV LIBERTADOR,R01,IMPAGA,56.0,True
2055,W326AVE,1932-01-01,19:28,159.0,80,AV LIBERTADOR,R01,IMPAGA,79.0,True
2060,VNK296GP,2023-10-26,19:29,149.0,80,RUTA 9,R02,PAGADA,69.0,True
2061,41RSTZ,2022-06-10,10:25,44.0,40,RUTA 9,,ERROR,4.0,True
2065,PIW4215,2020-07-31,09:25,85.0,60,AV LIBERTADOR,R01,PAGADA,25.0,True
2074,GN64OTP,2020-05-13,19:29,95.0,80,RUTA 9,R02,ERROR,15.0,True
2075,CT5B876,1932-01-01,19:29,103.0,80,AV LIBERTADOR,R02,PAGADA,23.0,True
2078,NHZ1002,2021-01-06,19:30,111.0,60,AV SIEMPRE VIVA,R01,IMPAGA,51.0,True
2081,BM351,2023-01-22,00:00,96.0,60,AV LIBERTADOR,R03,APELADA,36.0,True
2082,VY90540,2022-06-01,09:25,58.0,40,AV SIEMPRE VIVA,R02,ERROR,18.0,True
2085,831MDB,2022-08-19,00:00,101.0,40,RUTA 9,,IMPAGA,61.0,True
2088,B81JKY,2020-07-02,15:15,107.0,80,AV LIBERTADOR,R01,PAGADA,27.0,True
2091,41RSTZ,2021-03-01,19:30,85.0,80,AV LIBERTADOR,R03,APELADA,5.0,True
2093,CBMUK,2022-12-31,09:26,87.0,80,AV LIBERTADOR,R01,ERROR,7.0,True
2100,GN64OTP,1932-01-01,15:16,51.0,40,RUTA 9,R01,ERROR,11.0,True
2102,810TCH,2023-12-25,15:16,60.0,40,AV LIBERTADOR,R01,PAGADA,20.0,True
2107,BB8986,2021-09-29,10:27,91.0,80,RUTA 9,R02,APELADA,11.0,True
2108,RFH373,2022-04-14,10:27,100.0,60,RUTA 9,R01,ERROR,40.0,True
2109,AWS167,2022-11-16,00:00,73.0,40,AV LIBERTADOR,R03,IMPAGA,33.0,True
2110,WEFLYN,1932-01-01,09:27,116.0,60,AV LIBERTADOR,R01,IMPAGA,56.0,True
2112,HK06YMX,1932-01-01,10:27,148.0,80,AV SIEMPRE VIVA,R03,APELADA,68.0,True
2113,BP717,1932-01-01,09:27,92.0,40,RUTA 9,,ERROR,52.0,True
2114,CBMUK,2021-06-08,10:27,111.0,80,AV LIBERTADOR,,PAGADA,31.0,True
2115,GLEN1E,1932-01-01,00:00,89.0,60,AV LIBERTADOR,R02,ERROR,29.0,True
2118,FD1475,2022-01-27,00:00,106.0,60,AV LIBERTADOR,R01,IMPAGA,46.0,True
2120,2999961,2022-08-03,09:27,139.0,60,RUTA 9,R02,APELADA,79.0,True
2123,J1S1,2021-04-06,19:30,44.0,40,AV SIEMPRE VIVA,R01,IMPAGA,4.0,True
2128,6NCE831,2021-12-28,09:27,141.0,80,AV SIEMPRE VIVA,R02,IMPAGA,61.0,True
2130,831MDB,2021-09-20,00:00,90.0,60,RUTA 9,R01,ERROR,30.0,True
2141,HK06YMX,2022-03-15,10:29,149.0,80,AV LIBERTADOR,R01,IMPAGA,69.0,True
2146,YLO8WUE,2023-12-25,00:00,113.0,40,AV LIBERTADOR,R03,IMPAGA,73.0,True
2147,6611172,2021-01-20,00:00,93.0,40,AV LIBERTADOR,R02,ERROR,53.0,True
2149,INTIGR8,1932-01-01,19:31,72.0,60,AV SIEMPRE VIVA,R01,PAGADA,12.0,True
2151,HAMSTUR,1932-01-01,10:30,134.0,80,RUTA 9,R02,APELADA,54.0,True
2152,GN64OTP,1932-01-01,00:00,56.0,40,AV SIEMPRE VIVA,R01,ERROR,16.0,True
2154,FD1475,2020-04-21,10:30,82.0,60,RUTA 9,R02,PAGADA,22.0,True
2156,AI7OVF,1932-01-01,09:28,113.0,80,AV LIBERTADOR,R02,ERROR,33.0,True
2157,RFH373,2020-11-24,19:31,115.0,80,AV SIEMPRE VIVA,R03,ERROR,35.0,True
2160,PIW4215,2021-01-17,00:00,136.0,60,AV LIBERTADOR,R02,APELADA,76.0,True
2161,VY90540,2021-05-15,10:30,95.0,40,AV LIBERTADOR,R01,ERROR,55.0,True
2167,WU341A,2020-12-12,19:32,103.0,40,AV LIBERTADOR,R02,ERROR,63.0,True
2170,BB8986,2023-05-07,09:29,97.0,80,AV LIBERTADOR,R02,APELADA,17.0,True
2174,INTIGR8,2022-07-12,09:30,104.0,40,RUTA 9,R03,ERROR,64.0,True
2175,8B90638,2020-10-16,19:32,114.0,40,AV LIBERTADOR,R03,IMPAGA,74.0,True
2180,BHRP770,2022-09-04,09:30,79.0,40,AV LIBERTADOR,R03,ERROR,39.0,True
2181,UM96201,2021-06-07,19:33,116.0,40,AV SIEMPRE VIVA,R01,ERROR,76.0,True
2182,990XYK,2021-04-17,19:33,123.0,80,RUTA 9,R01,IMPAGA,43.0,True
2185,GOOGLE,2022-05-18,10:31,144.0,80,AV LIBERTADOR,,ERROR,64.0,True
2186,M431ZW,2022-05-28,15:17,115.0,40,AV LIBERTADOR,,ERROR,75.0,True
2188,XIIUME,2022-01-23,15:18,129.0,80,AV LIBERTADOR,R02,IMPAGA,49.0,True
2192,589222,2024-01-11,10:31,89.0,60,AV SIEMPRE VIVA,R02,PAGADA,29.0,True
2196,6NCE831,2021-03-10,00:00,88.0,40,AV SIEMPRE VIVA,R03,ERROR,48.0,True
2197,VTIIAHV,2021-07-18,10:31,116.0,40,RUTA 9,R01,APELADA,76.0,True
2198,81ZFJD,2021-12-17,09:30,143.0,80,AV LIBERTADOR,R02,ERROR,63.0,True
2199,3646HBH,2020-03-26,10:31,145.0,80,AV LIBERTADOR,,PAGADA,65.0,True
2201,0695DVH,2021-05-11,10:32,112.0,80,AV LIBERTADOR,R02,IMPAGA,32.0,True
2202,MX60NZA,2021-12-18,09:30,96.0,40,RUTA 9,R02,IMPAGA,56.0,True
2203,M20CPR,1932-01-01,15:18,133.0,80,RUTA 9,,APELADA,53.0,True
2205,6NCE831,2020-07-05,10:32,103.0,80,AV LIBERTADOR,R02,PAGADA,23.0,True
2206,M20CPR,1932-01-01,19:34,68.0,60,AV SIEMPRE VIVA,,ERROR,8.0,True
2213,M431ZW,2023-02-08,00:00,108.0,80,AV LIBERTADOR,R01,IMPAGA,28.0,True
2217,BP717,2023-07-12,09:31,97.0,80,AV LIBERTADOR,R02,APELADA,17.0,True
2225,HF3461,1932-01-01,10:33,81.0,60,RUTA 9,R03,PAGADA,21.0,True
2226,UM96201,2021-07-08,00:00,106.0,40,AV LIBERTADOR,R02,PAGADA,66.0,True
2230,GOOGLE,2023-03-13,09:31,115.0,40,AV SIEMPRE VIVA,,PAGADA,75.0,True
2237,MPX9357,2020-12-09,15:19,84.0,60,AV LIBERTADOR,R01,APELADA,24.0,True
2239,J1S1,1932-01-01,09:31,127.0,80,AV LIBERTADOR,R03,APELADA,47.0,True
2241,HAMSTUR,2020-06-14,09:32,120.0,80,AV LIBERTADOR,,IMPAGA,40.0,True
2243,9999868,2021-04-23,00:00,75.0,60,RUTA 9,R01,PAGADA,15.0,True
2244,RFH373,1932-01-01,19:36,44.0,40,AV SIEMPRE VIVA,,PAGADA,4.0,True
2245,9999868,2022-09-28,10:33,91.0,40,AV LIBERTADOR,R02,IMPAGA,51.0,True
2246,FVIOUHP,2022-02-23,00:00,110.0,60,AV SIEMPRE VIVA,,ERROR,50.0,True
2247,WU08YWC,2020-05-03,15:19,74.0,60,AV SIEMPRE VIVA,R03,IMPAGA,14.0,True
2248,BM351,2021-08-12,15:19,112.0,60,RUTA 9,R03,PAGADA,52.0,True
2250,INTIGR8,2021-01-23,10:34,117.0,40,AV SIEMPRE VIVA,R03,ERROR,77.0,True
2255,6EVY261,2022-11-21,00:00,99.0,80,AV LIBERTADOR,R02,APELADA,19.0,True
2260,VNK296GP,2021-04-16,10:34,126.0,60,AV LIBERTADOR,R02,PAGADA,66.0,True
2261,6611172,1932-01-01,15:20,136.0,80,AV LIBERTADOR,R02,PAGADA,56.0,True
2263,6NCE831,2022-09-17,00:00,109.0,60,AV LIBERTADOR,R02,APELADA,49.0,True
2267,GLEN1E,2023-04-02,15:20,109.0,80,AV SIEMPRE VIVA,R03,IMPAGA,29.0,True
2269,GE1466,1932-01-01,09:32,159.0,80,RUTA 9,R03,APELADA,79.0,True
2270,HF58HXP,2022-08-16,19:37,101.0,80,AV SIEMPRE VIVA,,ERROR,21.0,True
2274,GE1466,2020-12-11,10:35,122.0,60,RUTA 9,R01,APELADA,62.0,True
2276,6NCE831,2020-11-19,15:21,94.0,80,AV LIBERTADOR,R02,IMPAGA,14.0,True
2278,MVU4688,2021-03-05,09:33,105.0,80,AV LIBERTADOR,,ERROR,25.0,True
2279,0695DVH,2020-10-02,10:35,121.0,60,AV LIBERTADOR,R01,IMPAGA,61.0,True
2281,FD1475,2020-07-06,09:33,67.0,40,AV SIEMPRE VIVA,R03,ERROR,27.0,True
2286,MPX9357,1932-01-01,09:34,66.0,40,RUTA 9,,IMPAGA,26.0,True
2288,81ZFJD,1932-01-01,10:35,114.0,40,AV SIEMPRE VIVA,R02,IMPAGA,74.0,True
2289,BX55DOG,2021-12-17,10:35,91.0,60,AV LIBERTADOR,R03,ERROR,31.0,True
2296,3646HBH,1932-01-01,10:36,116.0,60,RUTA 9,R02,PAGADA,56.0,True
2297,810TCH,2022-05-03,15:21,80.0,60,RUTA 9,,ERROR,20.0,True
2302,NTHGLFT,2022-04-08,00:00,105.0,40,AV LIBERTADOR,,PAGADA,65.0,True
2303,BX55DOG,2021-09-11,00:00,156.0,80,AV SIEMPRE VIVA,R02,IMPAGA,76.0,True
2305,589222,2020-12-15,15:22,134.0,60,AV LIBERTADOR,,APELADA,74.0,True
2308,MX60NZA,2020-02-19,00:00,53.0,40,AV LIBERTADOR,R01,APELADA,13.0,True
2309,INTIGR8,2022-02-18,09:35,92.0,60,AV SIEMPRE VIVA,R03,APELADA,32.0,True
2310,M431ZW,2022-02-25,00:00,89.0,80,AV LIBERTADOR,R01,ERROR,9.0,True
2311,BP717,1932-01-01,15:22,132.0,60,AV SIEMPRE VIVA,R03,APELADA,72.0,True
2314,81ZFJD,2021-03-23,15:23,106.0,60,AV LIBERTADOR,R03,ERROR,46.0,True
2317,WEFLYN,2024-02-04,19:38,126.0,80,RUTA 9,,ERROR,46.0,True
2319,DI2LOT,1932-01-01,10:36,47.0,40,AV LIBERTADOR,,IMPAGA,7.0,True
2320,GE1466,1932-01-01,19:38,84.0,60,AV LIBERTADOR,R02,PAGADA,24.0,True
2323,TL03GOG,2022-09-03,19:38,126.0,80,RUTA 9,,IMPAGA,46.0,True
2325,WU08YWC,2023-06-28,09:36,103.0,40,RUTA 9,R01,PAGADA,63.0,True
2327,PIW4215,2022-10-10,15:23,142.0,80,AV SIEMPRE VIVA,R01,ERROR,62.0,True
2333,BM351,2022-12-18,10:37,50.0,40,AV SIEMPRE VIVA,R03,PAGADA,10.0,True
2334,MX60NZA,2023-10-12,15:23,130.0,80,AV LIBERTADOR,R02,APELADA,50.0,True
2336,NHZ1002,2023-06-18,10:37,70.0,40,AV SIEMPRE VIVA,R03,IMPAGA,30.0,True
2338,AWS167,2022-06-03,00:00,92.0,60,AV LIBERTADOR,,IMPAGA,32.0,True
2342,5777770,1932-01-01,10:37,126.0,80,AV LIBERTADOR,R03,IMPAGA,46.0,True
2344,8B90638,1932-01-01,09:37,140.0,60,RUTA 9,R03,IMPAGA,80.0,True
2345,81ZFJD,2022-08-13,19:39,69.0,40,AV SIEMPRE VIVA,,ERROR,29.0,True
2346,TL03GOG,2021-03-21,15:23,120.0,80,AV SIEMPRE VIVA,R02,PAGADA,40.0,True
2347,5777770,2022-11-04,00:00,129.0,60,RUTA 9,R03,PAGADA,69.0,True
2348,M20CPR,1932-01-01,15:24,125.0,60,AV LIBERTADOR,R03,IMPAGA,65.0,True
2349,RFH373,1932-01-01,09:37,130.0,60,RUTA 9,,ERROR,70.0,True
2350,FVIOUHP,2021-12-25,00:00,50.0,40,AV SIEMPRE VIVA,R01,APELADA,10.0,True
2351,BX55DOG,1932-01-01,15:24,74.0,40,AV LIBERTADOR,R02,IMPAGA,34.0,True
2358,XIIUME,2020-06-15,19:40,114.0,40,RUTA 9,R01,PAGADA,74.0,True
2360,WU08YWC,2023-07-30,15:24,68.0,60,AV SIEMPRE VIVA,R02,ERROR,8.0,True
2364,TL03GOG,2022-03-30,00:00,133.0,60,AV LIBERTADOR,R02,APELADA,73.0,True
2365,T0YDR,2022-01-29,00:00,121.0,60,AV SIEMPRE VIVA,R03,PAGADA,61.0,True
2368,GE1466,2021-10-16,00:00,91.0,40,AV LIBERTADOR,,APELADA,51.0,True
2369,691XC80,2023-04-22,19:40,107.0,60,AV SIEMPRE VIVA,R01,ERROR,47.0,True
2370,RFH373,2022-05-30,10:38,98.0,80,AV SIEMPRE VIVA,R02,IMPAGA,18.0,True
2371,GN64OTP,2022-11-05,10:38,93.0,80,AV LIBERTADOR,R03,PAGADA,13.0,True
2372,MPX9357,2024-01-02,15:25,128.0,80,RUTA 9,,PAGADA,48.0,True
2374,W326AVE,2021-11-23,09:37,80.0,40,RUTA 9,R03,ERROR,40.0,True
2375,DI2LOT,1932-01-01,19:41,80.0,40,AV LIBERTADOR,,PAGADA,40.0,True
2377,BHRP770,2020-07-28,19:41,148.0,80,AV SIEMPRE VIVA,,PAGADA,68.0,True
2378,RFH373,1932-01-01,00:00,148.0,80,RUTA 9,R02,APELADA,68.0,True
2381,INTIGR8,2020-06-30,10:38,97.0,40,RUTA 9,R03,PAGADA,57.0,True
2382,BP717,1932-01-01,00:00,112.0,40,AV SIEMPRE VIVA,R01,APELADA,72.0,True
2383,691XC80,2023-05-19,00:00,67.0,60,AV LIBERTADOR,R01,APELADA,7.0,True
2384,3646HBH,1932-01-01,00:00,68.0,40,AV LIBERTADOR,R01,IMPAGA,28.0,True
2385,GE1466,2023-10-07,10:38,89.0,80,AV SIEMPRE VIVA,,ERROR,9.0,True
2391,AI7OVF,2023-09-28,15:25,140.0,60,RUTA 9,R02,PAGADA,80.0,True
2393,BHRP770,2020-12-08,09:38,61.0,40,AV SIEMPRE VIVA,R03,IMPAGA,21.0,True
2394,MVU4688,2020-06-21,19:42,68.0,60,AV LIBERTADOR,R03,ERROR,8.0,True
2395,XIIUME,2020-06-09,15:25,117.0,60,RUTA 9,R02,ERROR,57.0,True
2396,M431ZW,2021-11-29,19:42,157.0,80,AV SIEMPRE VIVA,R01,ERROR,77.0,True
2397,M431ZW,2023-05-02,15:26,118.0,80,AV LIBERTADOR,R02,IMPAGA,38.0,True
2400,CD05601,2023-05-16,15:26,80.0,60,RUTA 9,R01,ERROR,20.0,True
2401,WU08YWC,2021-07-25,19:42,146.0,80,RUTA 9,R02,IMPAGA,66.0,True
2403,AWS167,2020-11-22,19:43,78.0,40,RUTA 9,R01,PAGADA,38.0,True
2414,NHZ1002,2023-01-27,09:38,81.0,40,AV SIEMPRE VIVA,,IMPAGA,41.0,True
2419,HK06YMX,2022-02-17,10:39,100.0,80,AV LIBERTADOR,R01,PAGADA,20.0,True
2423,DK414N,2022-03-30,00:00,123.0,60,AV SIEMPRE VIVA,R02,PAGADA,63.0,True
2425,WU08YWC,2023-11-26,09:39,117.0,40,RUTA 9,R02,IMPAGA,77.0,True
2428,WEFLYN,1932-01-01,10:40,98.0,40,AV LIBERTADOR,R02,PAGADA,58.0,True
2433,NTHGLFT,2023-02-02,19:45,92.0,40,AV SIEMPRE VIVA,R03,IMPAGA,52.0,True
2434,HF3461,2020-04-16,00:00,57.0,40,RUTA 9,R01,APELADA,17.0,True
2436,BHRP770,2021-10-13,00:00,49.0,40,AV LIBERTADOR,R02,ERROR,9.0,True
2437,6611172,2022-04-23,15:27,50.0,40,AV SIEMPRE VIVA,R03,IMPAGA,10.0,True
2438,GCP332,2022-04-10,09:40,96.0,60,AV LIBERTADOR,R03,ERROR,36.0,True
2441,TL03GOG,2022-05-07,19:45,77.0,40,AV LIBERTADOR,R01,PAGADA,37.0,True
2442,3646HBH,2020-11-24,15:27,120.0,40,AV LIBERTADOR,,PAGADA,80.0,True
2444,VNK296GP,1932-01-01,09:40,130.0,80,RUTA 9,R03,PAGADA,50.0,True
2446,990XYK,2020-08-03,09:40,102.0,80,RUTA 9,R01,APELADA,22.0,True
2447,831MDB,2023-01-28,09:40,133.0,80,AV LIBERTADOR,R02,APELADA,53.0,True
2449,CD05601,2023-06-09,00:00,67.0,60,AV LIBERTADOR,R02,ERROR,7.0,True
2450,831MDB,2022-12-01,10:40,126.0,80,AV SIEMPRE VIVA,R02,PAGADA,46.0,True
2455,CD05601,1932-01-01,15:28,122.0,60,AV SIEMPRE VIVA,R02,PAGADA,62.0,True
2465,MPX9357,2021-09-14,09:42,106.0,40,AV LIBERTADOR,R01,IMPAGA,66.0,True
2466,MVU4688,2023-08-25,00:00,87.0,80,RUTA 9,R01,PAGADA,7.0,True
2469,MVU4688,2022-10-13,00:00,106.0,40,RUTA 9,R03,PAGADA,66.0,True
2471,AWS167,2023-07-23,10:41,45.0,40,AV SIEMPRE VIVA,R03,ERROR,5.0,True
2472,GOOGLE,1932-01-01,10:41,107.0,40,AV LIBERTADOR,R02,APELADA,67.0,True
2476,5777770,2021-06-11,19:46,94.0,40,AV SIEMPRE VIVA,R01,APELADA,54.0,True
2477,GLEN1E,2023-08-27,09:42,113.0,40,AV SIEMPRE VIVA,,APELADA,73.0,True
2479,MX60NZA,1932-01-01,09:42,58.0,40,AV LIBERTADOR,R01,APELADA,18.0,True
2480,BP717,1932-01-01,09:42,125.0,60,RUTA 9,R03,IMPAGA,65.0,True
2481,FVIOUHP,2021-12-15,00:00,85.0,40,AV SIEMPRE VIVA,,PAGADA,45.0,True
2483,5777770,2024-02-04,10:42,95.0,40,RUTA 9,R03,ERROR,55.0,True
2484,CBMUK,2021-10-29,15:28,109.0,80,AV SIEMPRE VIVA,R02,IMPAGA,29.0,True
2485,HF58HXP,1932-01-01,15:29,86.0,60,RUTA 9,R01,ERROR,26.0,True
2489,GLEN1E,2020-12-23,09:43,70.0,40,RUTA 9,R03,PAGADA,30.0,True
2490,J1S1,2021-09-19,19:47,66.0,60,AV LIBERTADOR,,IMPAGA,6.0,True
2492,BB8986,1932-01-01,19:47,115.0,40,RUTA 9,R01,ERROR,75.0,True
2493,6EVY261,2022-03-07,00:00,107.0,40,AV LIBERTADOR,R03,APELADA,67.0,True
2500,NTHGLFT,2023-08-16,00:00,63.0,40,AV LIBERTADOR,R01,APELADA,23.0,True
2502,81ZFJD,2023-08-30,10:42,85.0,80,AV LIBERTADOR,,APELADA,5.0,True
2504,691XC80,2022-09-07,09:43,114.0,40,RUTA 9,R01,IMPAGA,74.0,True
2505,BM351,2020-11-10,09:43,132.0,80,AV SIEMPRE VIVA,,PAGADA,52.0,True
2507,WEFLYN,2022-10-15,09:43,124.0,60,AV SIEMPRE VIVA,,IMPAGA,64.0,True
2509,MX60NZA,2023-12-02,10:42,106.0,40,AV LIBERTADOR,R01,IMPAGA,66.0,True
2512,AI7OVF,2022-02-22,10:43,81.0,40,AV LIBERTADOR,R03,IMPAGA,41.0,True
2516,J1S1,1932-01-01,15:29,102.0,40,AV SIEMPRE VIVA,R03,IMPAGA,62.0,True
2517,OUTSTDN,2023-11-19,00:00,140.0,80,AV SIEMPRE VIVA,R01,APELADA,60.0,True
2518,HK06YMX,1932-01-01,15:29,49.0,40,AV SIEMPRE VIVA,R03,APELADA,9.0,True
2520,AI7OVF,2021-03-09,09:44,112.0,40,AV SIEMPRE VIVA,R02,PAGADA,72.0,True
2523,UM96201,2021-08-19,09:44,64.0,40,RUTA 9,R03,APELADA,24.0,True
2527,6EVY261,2020-04-22,09:44,144.0,80,AV SIEMPRE VIVA,R03,ERROR,64.0,True
2529,UW3932,2020-06-01,10:43,150.0,80,RUTA 9,,PAGADA,70.0,True
2530,UM96201,2023-09-23,10:43,123.0,80,AV LIBERTADOR,R02,APELADA,43.0,True
2534,DK414N,2022-05-27,09:45,110.0,40,AV LIBERTADOR,R03,APELADA,70.0,True
2536,B81JKY,1932-01-01,09:45,118.0,60,AV LIBERTADOR,R02,ERROR,58.0,True
2539,B81JKY,1932-01-01,10:43,111.0,40,AV SIEMPRE VIVA,R01,APELADA,71.0,True
2540,AI7OVF,1932-01-01,15:30,67.0,40,AV LIBERTADOR,R03,APELADA,27.0,True
2541,81ZFJD,1932-01-01,10:44,127.0,60,RUTA 9,R01,IMPAGA,67.0,True
2542,AWS167,1932-01-01,09:45,114.0,60,RUTA 9,R02,ERROR,54.0,True
2543,XIIUME,2021-07-05,10:44,106.0,80,AV SIEMPRE VIVA,R01,IMPAGA,26.0,True
2544,WEFLYN,2021-03-15,15:30,121.0,80,AV LIBERTADOR,R02,IMPAGA,41.0,True
2546,BHRP770,2020-08-30,09:45,91.0,80,AV SIEMPRE VIVA,,IMPAGA,11.0,True
2548,HAMSTUR,1932-01-01,19:49,84.0,60,RUTA 9,R01,PAGADA,24.0,True
2549,BX55DOG,2022-07-23,19:49,93.0,40,AV SIEMPRE VIVA,R01,APELADA,53.0,True
2550,WU08YWC,1932-01-01,00:00,75.0,60,AV SIEMPRE VIVA,R01,IMPAGA,15.0,True
2554,NHZ1002,2023-12-29,00:00,72.0,40,AV LIBERTADOR,R03,PAGADA,32.0,True
2556,CT5B876,1932-01-01,00:00,150.0,80,AV LIBERTADOR,R03,IMPAGA,70.0,True
2557,M20CPR,2023-10-03,15:31,136.0,80,AV LIBERTADOR,R01,ERROR,56.0,True
2560,691XC80,1932-01-01,15:31,115.0,60,AV LIBERTADOR,R01,PAGADA,55.0,True
2561,WEFLYN,1932-01-01,19:49,101.0,40,AV LIBERTADOR,R03,IMPAGA,61.0,True
2562,81ZFJD,2020-08-14,15:31,89.0,80,RUTA 9,R01,PAGADA,9.0,True
2563,BHRP770,2022-02-27,09:46,118.0,40,AV SIEMPRE VIVA,R03,ERROR,78.0,True
2565,2999961,1932-01-01,00:00,128.0,60,AV SIEMPRE VIVA,R02,ERROR,68.0,True
2566,HF3461,1932-01-01,15:31,118.0,80,RUTA 9,R02,APELADA,38.0,True
2567,FD1475,2022-11-15,09:46,110.0,60,AV SIEMPRE VIVA,R02,PAGADA,50.0,True
2568,41RSTZ,1932-01-01,00:00,105.0,60,AV LIBERTADOR,R03,ERROR,45.0,True
2569,BHRP770,1932-01-01,09:46,90.0,40,AV SIEMPRE VIVA,R02,PAGADA,50.0,True
2570,NHZ1002,1932-01-01,10:45,156.0,80,AV SIEMPRE VIVA,R02,IMPAGA,76.0,True
2573,M20CPR,1932-01-01,15:32,69.0,40,AV LIBERTADOR,R01,IMPAGA,29.0,True
2574,INTIGR8,2021-01-11,00:00,139.0,60,AV LIBERTADOR,R01,ERROR,79.0,True
2575,CBMUK,1932-01-01,00:00,143.0,80,AV SIEMPRE VIVA,R03,ERROR,63.0,True
2576,M20CPR,2020-10-13,10:45,115.0,80,AV LIBERTADOR,R02,ERROR,35.0,True
2577,0695DVH,1932-01-01,19:50,86.0,60,AV LIBERTADOR,,IMPAGA,26.0,True
2578,HF58HXP,2022-09-29,10:45,134.0,60,AV LIBERTADOR,R02,APELADA,74.0,True
2580,RFH373,2022-07-15,19:50,102.0,40,AV LIBERTADOR,,PAGADA,62.0,True
2584,6611172,2023-11-14,00:00,112.0,80,RUTA 9,R02,PAGADA,32.0,True
2586,FD1475,2020-06-04,09:47,159.0,80,RUTA 9,,ERROR,79.0,True
2587,9999868,1932-01-01,10:45,118.0,60,RUTA 9,R02,APELADA,58.0,True
2590,NTHGLFT,2020-10-05,19:50,110.0,40,AV SIEMPRE VIVA,,APELADA,70.0,True
2596,BM351,2021-10-12,00:00,108.0,80,RUTA 9,R01,APELADA,28.0,True
2597,6611172,2021-09-04,09:47,112.0,60,RUTA 9,,APELADA,52.0,True
2598,831MDB,2020-11-28,19:51,122.0,80,AV LIBERTADOR,R02,ERROR,42.0,True
2600,HF3461,1932-01-01,10:46,127.0,80,RUTA 9,R03,APELADA,47.0,True
2601,TL03GOG,2021-05-27,19:51,65.0,40,AV LIBERTADOR,R02,PAGADA,25.0,True
2603,9999868,2022-11-01,09:47,130.0,80,AV LIBERTADOR,R03,APELADA,50.0,True
2607,BB8986,2022-05-25,10:46,127.0,80,AV LIBERTADOR,R03,ERROR,47.0,True
2608,3646HBH,2020-12-07,19:51,69.0,60,AV LIBERTADOR,R02,APELADA,9.0,True
2610,CBMUK,2021-08-28,10:47,88.0,60,AV LIBERTADOR,R02,APELADA,28.0,True
2611,WEFLYN,2021-04-01,00:00,138.0,80,RUTA 9,R03,PAGADA,58.0,True
2619,81ZFJD,2020-03-06,10:47,129.0,60,AV SIEMPRE VIVA,R01,APELADA,69.0,True
2620,W326AVE,2022-11-09,00:00,101.0,40,AV LIBERTADOR,,IMPAGA,61.0,True
2624,UW3932,1932-01-01,00:00,158.0,80,RUTA 9,R02,ERROR,78.0,True
2630,9999868,2021-12-30,00:00,108.0,60,AV SIEMPRE VIVA,R01,IMPAGA,48.0,True
2634,HF58HXP,2023-12-30,19:52,97.0,40,AV SIEMPRE VIVA,R02,PAGADA,57.0,True
2636,WEFLYN,1932-01-01,09:48,124.0,80,AV LIBERTADOR,R02,APELADA,44.0,True
2637,VY90540,1932-01-01,09:49,55.0,40,AV LIBERTADOR,R02,APELADA,15.0,True
2639,5777770,2021-09-08,10:48,78.0,40,AV LIBERTADOR,R03,IMPAGA,38.0,True
2641,J1S1,1932-01-01,19:53,147.0,80,RUTA 9,R03,IMPAGA,67.0,True
2643,T0YDR,2020-03-18,15:33,86.0,60,AV LIBERTADOR,,IMPAGA,26.0,True
2645,GN64OTP,2021-06-24,10:48,83.0,60,AV LIBERTADOR,,ERROR,23.0,True
2648,M431ZW,1932-01-01,15:33,89.0,80,RUTA 9,R01,ERROR,9.0,True
2650,NTHGLFT,2020-11-28,19:53,105.0,80,AV SIEMPRE VIVA,,PAGADA,25.0,True
2652,OUTSTDN,2022-05-29,19:54,101.0,40,RUTA 9,R02,APELADA,61.0,True
2655,WU08YWC,1932-01-01,00:00,112.0,80,AV SIEMPRE VIVA,R02,APELADA,32.0,True
2656,GE1466,1932-01-01,15:34,86.0,60,RUTA 9,R01,APELADA,26.0,True
2660,0695DVH,2024-01-05,09:50,46.0,40,RUTA 9,R03,PAGADA,6.0,True
2661,UW3932,2022-01-19,10:49,95.0,40,RUTA 9,R02,ERROR,55.0,True
2662,NTHGLFT,2024-01-25,10:49,87.0,40,AV SIEMPRE VIVA,R01,ERROR,47.0,True
2664,0695DVH,2020-03-04,19:54,135.0,80,AV SIEMPRE VIVA,R03,PAGADA,55.0,True
2667,T0YDR,2021-08-19,19:54,144.0,80,RUTA 9,R03,APELADA,64.0,True
2669,990XYK,1932-01-01,09:50,119.0,40,AV LIBERTADOR,R01,PAGADA,79.0,True
2671,MPX9357,1932-01-01,10:49,86.0,40,AV LIBERTADOR,R03,APELADA,46.0,True
2672,TL03GOG,2022-05-08,00:00,46.0,40,AV LIBERTADOR,R02,PAGADA,6.0,True
2674,HF3461,2022-08-16,00:00,62.0,40,AV SIEMPRE VIVA,R03,ERROR,22.0,True
2679,AI7OVF,1932-01-01,00:00,111.0,80,AV LIBERTADOR,R03,ERROR,31.0,True
2681,YLO8WUE,2024-01-05,10:49,98.0,40,RUTA 9,,IMPAGA,58.0,True
2686,VNK296GP,2023-02-26,10:50,89.0,80,RUTA 9,,APELADA,9.0,True
2687,YLO8WUE,2021-06-23,09:50,148.0,80,RUTA 9,R03,IMPAGA,68.0,True
2688,J1S1,2023-09-21,09:50,93.0,60,AV SIEMPRE VIVA,,IMPAGA,33.0,True
2689,WU341A,1932-01-01,19:56,116.0,60,AV SIEMPRE VIVA,R03,PAGADA,56.0,True
2690,GN64OTP,1932-01-01,10:50,138.0,80,RUTA 9,R03,PAGADA,58.0,True
2694,CBMUK,2021-02-17,15:34,110.0,60,AV SIEMPRE VIVA,,APELADA,50.0,True
2697,VY90540,1932-01-01,09:51,74.0,60,AV SIEMPRE VIVA,R02,APELADA,14.0,True
2700,8B90638,2021-06-23,09:51,127.0,80,RUTA 9,,IMPAGA,47.0,True
2705,W326AVE,2023-01-01,15:35,122.0,80,AV LIBERTADOR,R02,ERROR,42.0,True
2706,691XC80,1932-01-01,09:51,121.0,80,AV LIBERTADOR,R02,APELADA,41.0,True
2708,DK414N,2024-01-24,00:00,138.0,60,RUTA 9,R02,ERROR,78.0,True
2713,NHZ1002,2020-07-31,10:51,128.0,60,AV LIBERTADOR,R03,PAGADA,68.0,True
2714,MPX9357,2023-09-01,09:52,79.0,40,AV LIBERTADOR,R01,ERROR,39.0,True
2716,HF3461,2023-03-19,19:57,142.0,80,AV LIBERTADOR,R03,ERROR,62.0,True
2724,FD1475,1932-01-01,10:51,59.0,40,RUTA 9,R03,IMPAGA,19.0,True
2725,CD05601,1932-01-01,00:00,104.0,60,AV LIBERTADOR,R01,IMPAGA,44.0,True
2726,GOOGLE,2021-10-15,15:35,145.0,80,AV LIBERTADOR,,APELADA,65.0,True
2729,UM96201,2022-11-08,00:00,102.0,40,RUTA 9,,IMPAGA,62.0,True
2730,WU08YWC,2020-12-15,00:00,118.0,80,AV SIEMPRE VIVA,R02,ERROR,38.0,True
2733,BM351,1932-01-01,09:53,80.0,40,AV LIBERTADOR,R02,PAGADA,40.0,True
2734,OUTSTDN,2022-06-18,00:00,88.0,60,AV LIBERTADOR,R02,APELADA,28.0,True
2737,VTIIAHV,1932-01-01,00:00,141.0,80,AV LIBERTADOR,R02,ERROR,61.0,True
2738,HK06YMX,1932-01-01,15:36,119.0,40,RUTA 9,R03,APELADA,79.0,True
2740,AI7OVF,2023-09-04,15:36,133.0,60,AV LIBERTADOR,,ERROR,73.0,True
2742,AWS167,2022-02-20,15:36,105.0,80,AV LIBERTADOR,,ERROR,25.0,True
2743,J1S1,2022-06-05,15:37,108.0,40,AV LIBERTADOR,,ERROR,68.0,True
2744,INTIGR8,1932-01-01,00:00,96.0,40,AV LIBERTADOR,,IMPAGA,56.0,True
2745,3646HBH,1932-01-01,00:00,77.0,40,AV SIEMPRE VIVA,R03,APELADA,37.0,True
2749,DK414N,2021-06-14,00:00,65.0,40,RUTA 9,R03,APELADA,25.0,True
2750,M431ZW,2021-02-06,10:52,75.0,60,AV SIEMPRE VIVA,,IMPAGA,15.0,True
2753,HF58HXP,2021-07-27,15:37,103.0,40,RUTA 9,,ERROR,63.0,True
2754,WU341A,2022-01-04,10:52,80.0,40,AV LIBERTADOR,,APELADA,40.0,True
2755,UM96201,2020-04-20,09:54,67.0,40,AV LIBERTADOR,R02,IMPAGA,27.0,True
2756,BB8986,2024-01-01,15:37,104.0,40,AV LIBERTADOR,R03,PAGADA,64.0,True
2757,FVIOUHP,2023-10-23,15:37,109.0,40,AV LIBERTADOR,R02,APELADA,69.0,True
2760,BB8986,2020-02-27,10:52,66.0,40,RUTA 9,,IMPAGA,26.0,True
2761,GLEN1E,2021-10-09,19:58,105.0,40,RUTA 9,R03,IMPAGA,65.0,True
2764,BP717,2023-07-26,10:53,103.0,60,AV LIBERTADOR,R03,IMPAGA,43.0,True
2765,589222,2022-09-09,15:38,112.0,80,RUTA 9,R01,IMPAGA,32.0,True
2766,HAMSTUR,1932-01-01,15:38,57.0,40,AV SIEMPRE VIVA,R02,ERROR,17.0,True
2769,HF3461,2021-10-01,00:00,102.0,80,AV LIBERTADOR,R03,IMPAGA,22.0,True
2774,WEFLYN,1932-01-01,00:00,102.0,40,AV SIEMPRE VIVA,,IMPAGA,62.0,True
2778,6NCE831,2022-02-20,00:00,128.0,60,AV LIBERTADOR,R03,APELADA,68.0,True
2782,BB8986,1932-01-01,19:59,78.0,60,AV LIBERTADOR,,ERROR,18.0,True
2783,CD05601,1932-01-01,15:38,156.0,80,AV LIBERTADOR,R02,ERROR,76.0,True
2785,J1S1,2021-09-01,15:38,86.0,60,AV LIBERTADOR,,PAGADA,26.0,True
2786,UM96201,2021-02-02,09:54,99.0,40,AV LIBERTADOR,R03,APELADA,59.0,True
2788,GE1466,1932-01-01,09:55,52.0,40,AV LIBERTADOR,R02,ERROR,12.0,True
2789,CBMUK,2021-09-22,00:00,144.0,80,AV LIBERTADOR,R01,APELADA,64.0,True
2790,CT5B876,2023-10-26,19:59,116.0,60,AV SIEMPRE VIVA,R02,ERROR,56.0,True
2791,8B90638,2021-02-20,19:59,125.0,60,AV LIBERTADOR,R01,PAGADA,65.0,True
2796,MPX9357,2020-10-21,15:39,116.0,60,AV LIBERTADOR,R03,PAGADA,56.0,True
2797,BP717,2020-07-02,15:39,92.0,40,AV SIEMPRE VIVA,,IMPAGA,52.0,True
2798,OUTSTDN,1932-01-01,10:54,122.0,60,AV SIEMPRE VIVA,R01,PAGADA,62.0,True
2806,GOOGLE,1932-01-01,09:55,104.0,40,AV LIBERTADOR,,PAGADA,64.0,True
2810,41RSTZ,1932-01-01,09:55,60.0,40,AV SIEMPRE VIVA,,ERROR,20.0,True
2811,DI2LOT,2022-07-29,09:56,86.0,80,RUTA 9,R01,IMPAGA,6.0,True
2814,WEFLYN,2020-12-13,15:39,97.0,80,AV SIEMPRE VIVA,R01,ERROR,17.0,True
2817,WU341A,2021-05-08,09:56,112.0,40,AV SIEMPRE VIVA,,IMPAGA,72.0,True
2820,XIIUME,2020-12-10,20:01,67.0,40,RUTA 9,R02,APELADA,27.0,True
2821,BB8986,1932-01-01,00:00,62.0,40,AV LIBERTADOR,R02,IMPAGA,22.0,True
2824,B81JKY,2021-09-23,15:40,142.0,80,RUTA 9,R03,PAGADA,62.0,True
2825,81ZFJD,1932-01-01,10:54,62.0,40,AV LIBERTADOR,,IMPAGA,22.0,True
2826,W326AVE,2024-01-06,10:55,138.0,80,AV SIEMPRE VIVA,,PAGADA,58.0,True
2827,5777770,2022-08-26,00:00,146.0,80,AV SIEMPRE VIVA,,PAGADA,66.0,True
2828,NHZ1002,2023-04-12,15:40,116.0,60,RUTA 9,,APELADA,56.0,True
2831,GLEN1E,2021-12-31,09:57,118.0,40,AV LIBERTADOR,R01,ERROR,78.0,True
2837,W326AVE,1932-01-01,00:00,151.0,80,AV LIBERTADOR,R01,PAGADA,71.0,True
2839,YLO8WUE,2022-11-20,20:01,88.0,40,RUTA 9,,PAGADA,48.0,True
2845,831MDB,2023-01-20,09:58,154.0,80,AV LIBERTADOR,R01,IMPAGA,74.0,True
2847,RFH373,2022-08-15,09:58,145.0,80,AV SIEMPRE VIVA,,ERROR,65.0,True
2848,VNK296GP,2020-09-05,15:40,125.0,60,AV LIBERTADOR,R01,IMPAGA,65.0,True
2853,MVU4688,1932-01-01,00:00,109.0,40,AV SIEMPRE VIVA,R02,PAGADA,69.0,True
2854,UM96201,2023-11-05,00:00,129.0,80,AV SIEMPRE VIVA,R01,PAGADA,49.0,True
2855,990XYK,1932-01-01,10:56,110.0,60,RUTA 9,R03,IMPAGA,50.0,True
2857,UW3932,2022-05-13,20:02,130.0,60,AV LIBERTADOR,R01,ERROR,70.0,True
2858,CBMUK,2020-08-08,00:00,128.0,80,RUTA 9,R03,ERROR,48.0,True
2862,MX60NZA,1932-01-01,09:59,141.0,80,RUTA 9,R01,PAGADA,61.0,True
2863,XIIUME,2022-11-21,00:00,123.0,80,AV SIEMPRE VIVA,R01,APELADA,43.0,True
2868,PIW4215,2021-12-23,09:59,112.0,60,RUTA 9,R01,IMPAGA,52.0,True
2870,XIIUME,2020-05-02,00:00,134.0,80,AV LIBERTADOR,R01,IMPAGA,54.0,True
2871,GE1466,1932-01-01,20:02,76.0,40,AV LIBERTADOR,R02,ERROR,36.0,True
2873,M431ZW,1932-01-01,10:57,59.0,40,AV SIEMPRE VIVA,,ERROR,19.0,True
2877,WU08YWC,1932-01-01,10:57,118.0,80,AV SIEMPRE VIVA,R01,ERROR,38.0,True
2878,M431ZW,2023-04-26,20:03,70.0,60,AV SIEMPRE VIVA,R02,PAGADA,10.0,True
2879,589222,2024-02-02,10:58,73.0,40,AV LIBERTADOR,,APELADA,33.0,True
2885,2999961,1932-01-01,10:58,55.0,40,RUTA 9,R03,PAGADA,15.0,True
2887,VY90540,1932-01-01,20:03,118.0,40,RUTA 9,R02,IMPAGA,78.0,True
2888,41RSTZ,2021-04-21,10:58,99.0,60,RUTA 9,R03,IMPAGA,39.0,True
2892,831MDB,2023-05-24,20:03,117.0,60,AV SIEMPRE VIVA,R03,PAGADA,57.0,True
2895,5777770,2023-09-30,15:42,85.0,40,AV LIBERTADOR,R03,IMPAGA,45.0,True
2897,9999868,2020-01-21,20:04,85.0,80,AV SIEMPRE VIVA,,ERROR,5.0,True
2899,VTIIAHV,1932-01-01,00:00,90.0,80,AV SIEMPRE VIVA,R02,ERROR,10.0,True
2901,WU08YWC,1932-01-01,10:58,101.0,40,AV SIEMPRE VIVA,,APELADA,61.0,True
2906,PIW4215,1932-01-01,10:00,117.0,60,AV LIBERTADOR,R02,IMPAGA,57.0,True
2907,BX55DOG,2021-11-26,10:00,93.0,60,RUTA 9,R02,IMPAGA,33.0,True
2908,3646HBH,2022-11-12,10:59,138.0,80,AV SIEMPRE VIVA,R03,APELADA,58.0,True
2910,CD05601,2022-10-25,15:42,102.0,80,RUTA 9,R02,APELADA,22.0,True
2911,M431ZW,2023-10-10,10:59,68.0,40,AV SIEMPRE VIVA,R01,IMPAGA,28.0,True
2912,FVIOUHP,1932-01-01,10:59,138.0,80,AV LIBERTADOR,R03,IMPAGA,58.0,True
2913,CT5B876,2020-08-05,00:00,143.0,80,AV LIBERTADOR,R02,ERROR,63.0,True
2916,BHRP770,1932-01-01,00:00,95.0,40,AV LIBERTADOR,,PAGADA,55.0,True
2917,6NCE831,1932-01-01,15:43,49.0,40,AV SIEMPRE VIVA,R01,ERROR,9.0,True
2918,HAMSTUR,2021-05-05,11:00,92.0,80,AV LIBERTADOR,,PAGADA,12.0,True
2921,WEFLYN,2021-07-19,00:00,121.0,80,RUTA 9,R02,ERROR,41.0,True
2924,WU08YWC,2020-05-10,10:01,130.0,80,AV SIEMPRE VIVA,R03,PAGADA,50.0,True
2925,OUTSTDN,2022-04-08,20:05,68.0,40,RUTA 9,R02,ERROR,28.0,True
2927,589222,2020-11-14,10:01,55.0,40,AV SIEMPRE VIVA,R03,PAGADA,15.0,True
2928,YLO8WUE,2020-12-26,00:00,97.0,40,RUTA 9,R01,ERROR,57.0,True
2931,NHZ1002,2022-07-17,15:43,122.0,60,AV LIBERTADOR,R01,ERROR,62.0,True
2933,WEFLYN,2022-07-04,15:43,136.0,60,AV LIBERTADOR,,ERROR,76.0,True
2934,BB8986,2020-12-11,11:00,96.0,80,AV LIBERTADOR,R02,ERROR,16.0,True
2937,81ZFJD,2023-12-17,10:01,87.0,80,AV LIBERTADOR,R01,PAGADA,7.0,True
2942,691XC80,2022-03-02,15:44,123.0,60,AV SIEMPRE VIVA,R01,APELADA,63.0,True
2944,NTHGLFT,2022-11-10,20:05,47.0,40,RUTA 9,R02,APELADA,7.0,True
2945,FD1475,1932-01-01,20:05,107.0,60,AV SIEMPRE VIVA,R03,APELADA,47.0,True
2947,OUTSTDN,1932-01-01,00:00,77.0,60,AV SIEMPRE VIVA,R02,ERROR,17.0,True
2953,INTIGR8,2021-12-26,15:44,154.0,80,AV LIBERTADOR,R02,IMPAGA,74.0,True
2957,691XC80,2020-12-05,11:00,135.0,60,AV LIBERTADOR,R02,PAGADA,75.0,True
2958,GLEN1E,2021-01-07,10:02,64.0,40,RUTA 9,R03,IMPAGA,24.0,True
2960,8B90638,1932-01-01,11:01,55.0,40,AV SIEMPRE VIVA,R03,APELADA,15.0,True
2961,3646HBH,2021-04-03,10:02,127.0,60,AV LIBERTADOR,R03,ERROR,67.0,True
2962,GLEN1E,2022-11-06,00:00,149.0,80,AV SIEMPRE VIVA,,ERROR,69.0,True
2965,T0YDR,2020-11-08,11:01,137.0,80,RUTA 9,R03,PAGADA,57.0,True
2966,BP717,1932-01-01,15:45,112.0,40,AV LIBERTADOR,R03,APELADA,72.0,True
2970,DK414N,2022-01-28,10:02,89.0,40,AV LIBERTADOR,R02,APELADA,49.0,True
2972,W326AVE,2020-07-02,00:00,113.0,60,AV LIBERTADOR,,ERROR,53.0,True
2973,2999961,1932-01-01,10:02,102.0,80,AV SIEMPRE VIVA,R01,APELADA,22.0,True
2978,831MDB,2023-03-11,00:00,139.0,60,AV SIEMPRE VIVA,R02,ERROR,79.0,True
2981,XIIUME,2021-07-23,00:00,81.0,60,RUTA 9,R02,IMPAGA,21.0,True
2982,HF58HXP,2020-06-24,10:03,97.0,60,AV LIBERTADOR,,PAGADA,37.0,True
2983,589222,2020-12-08,00:00,62.0,40,AV SIEMPRE VIVA,R03,APELADA,22.0,True
2984,M20CPR,2022-06-03,10:03,84.0,60,RUTA 9,R01,PAGADA,24.0,True
2985,J1S1,2021-11-21,00:00,116.0,60,AV SIEMPRE VIVA,R01,IMPAGA,56.0,True
2989,691XC80,2022-10-30,11:01,117.0,60,AV SIEMPRE VIVA,R01,PAGADA,57.0,True
2990,INTIGR8,2023-03-15,15:46,110.0,80,AV LIBERTADOR,R01,IMPAGA,30.0,True
2992,J1S1,2022-01-01,10:03,118.0,80,AV LIBERTADOR,R03,ERROR,38.0,True
2993,INTIGR8,2021-04-26,00:00,114.0,80,RUTA 9,R02,APELADA,34.0,True
2997,CBMUK,1932-01-01,15:46,54.0,40,AV LIBERTADOR,R01,IMPAGA,14.0,True
2998,990XYK,1932-01-01,20:07,87.0,60,AV LIBERTADOR,,PAGADA,27.0,True
3001,MX60NZA,2020-05-25,15:46,118.0,60,AV LIBERTADOR,R01,APELADA,58.0,True
3002,8B90638,2021-10-24,15:47,88.0,60,AV LIBERTADOR,R03,APELADA,28.0,True
3008,GCP332,2021-01-11,11:03,116.0,80,RUTA 9,,APELADA,36.0,True
3009,BB8986,2022-03-04,00:00,104.0,60,RUTA 9,R03,PAGADA,44.0,True
3010,UM96201,1932-01-01,20:08,57.0,40,AV SIEMPRE VIVA,R03,PAGADA,17.0,True
3013,FD1475,2020-11-30,11:03,118.0,60,RUTA 9,R02,APELADA,58.0,True
3014,RFH373,2020-01-28,00:00,120.0,80,AV LIBERTADOR,R03,PAGADA,40.0,True
3017,FD1475,1932-01-01,10:04,109.0,60,RUTA 9,,IMPAGA,49.0,True
3018,GCP332,2023-02-13,10:04,79.0,60,AV LIBERTADOR,R01,PAGADA,19.0,True
3022,HAMSTUR,1932-01-01,15:47,132.0,60,RUTA 9,,IMPAGA,72.0,True
3023,5777770,2023-05-14,15:47,75.0,40,AV LIBERTADOR,R03,PAGADA,35.0,True
3036,990XYK,1932-01-01,20:08,93.0,80,AV LIBERTADOR,R02,APELADA,13.0,True
3037,GOOGLE,2023-02-22,20:09,86.0,40,AV LIBERTADOR,R02,IMPAGA,46.0,True
3040,BM351,1932-01-01,20:09,111.0,80,RUTA 9,R02,APELADA,31.0,True
3042,T0YDR,2023-04-28,00:00,73.0,60,RUTA 9,,IMPAGA,13.0,True
3046,GLEN1E,2023-04-23,20:09,76.0,40,AV SIEMPRE VIVA,R03,ERROR,36.0,True
3049,RFH373,1932-01-01,00:00,150.0,80,RUTA 9,,APELADA,70.0,True
3051,CBMUK,1932-01-01,20:09,99.0,80,RUTA 9,,IMPAGA,19.0,True
3053,MVU4688,2021-03-29,10:05,105.0,60,RUTA 9,R03,PAGADA,45.0,True
3054,AWS167,1932-01-01,10:05,81.0,40,AV LIBERTADOR,R03,IMPAGA,41.0,True
3055,YLO8WUE,1932-01-01,00:00,108.0,80,AV LIBERTADOR,R02,IMPAGA,28.0,True
3057,8B90638,2020-07-03,00:00,139.0,60,RUTA 9,,PAGADA,79.0,True
3058,UW3932,1932-01-01,15:48,93.0,80,RUTA 9,,IMPAGA,13.0,True
3059,831MDB,2021-08-29,00:00,109.0,40,AV LIBERTADOR,R03,ERROR,69.0,True
3064,FD1475,2023-09-01,20:10,108.0,80,AV LIBERTADOR,R02,APELADA,28.0,True
3066,VY90540,2023-12-11,20:10,102.0,40,AV LIBERTADOR,R02,PAGADA,62.0,True
3067,T0YDR,2021-06-08,00:00,110.0,80,AV LIBERTADOR,R03,APELADA,30.0,True
3068,M20CPR,1932-01-01,11:05,115.0,40,AV LIBERTADOR,,PAGADA,75.0,True
3070,PIW4215,2020-11-10,10:05,74.0,60,RUTA 9,,ERROR,14.0,True
3072,UW3932,2023-01-05,00:00,49.0,40,AV SIEMPRE VIVA,R03,APELADA,9.0,True
3073,691XC80,1932-01-01,20:10,120.0,60,AV SIEMPRE VIVA,,ERROR,60.0,True
3075,810TCH,2023-06-17,20:11,109.0,80,AV LIBERTADOR,,ERROR,29.0,True
3076,9999868,2021-01-30,00:00,118.0,40,AV SIEMPRE VIVA,R02,ERROR,78.0,True
3077,B81JKY,2023-06-19,00:00,112.0,40,AV SIEMPRE VIVA,R01,IMPAGA,72.0,True
3083,VTIIAHV,2022-10-09,20:11,94.0,60,RUTA 9,R03,PAGADA,34.0,True
3084,CT5B876,2020-08-08,20:11,85.0,40,AV LIBERTADOR,,APELADA,45.0,True
3086,GE1466,1932-01-01,10:06,76.0,40,RUTA 9,R03,APELADA,36.0,True
3087,B81JKY,2022-12-21,20:11,82.0,40,AV LIBERTADOR,R03,IMPAGA,42.0,True
3088,HAMSTUR,1932-01-01,10:06,94.0,40,AV LIBERTADOR,,ERROR,54.0,True
3089,TL03GOG,2020-06-14,15:49,106.0,60,AV LIBERTADOR,,IMPAGA,46.0,True
3091,589222,2023-07-05,00:00,121.0,60,AV LIBERTADOR,,IMPAGA,61.0,True
3093,INTIGR8,2022-08-22,15:49,107.0,80,AV LIBERTADOR,R02,IMPAGA,27.0,True
3094,T0YDR,2021-08-14,15:49,91.0,60,RUTA 9,,ERROR,31.0,True
3095,810TCH,2020-05-06,20:12,48.0,40,AV LIBERTADOR,R02,IMPAGA,8.0,True
3100,NTHGLFT,2020-09-30,20:12,90.0,60,AV LIBERTADOR,R01,PAGADA,30.0,True
3102,BHRP770,2021-04-11,20:12,55.0,40,RUTA 9,,PAGADA,15.0,True
3104,UM96201,2024-01-28,20:12,90.0,60,AV SIEMPRE VIVA,,APELADA,30.0,True
3109,8B90638,2024-01-15,20:13,68.0,60,AV LIBERTADOR,R02,IMPAGA,8.0,True
3110,0695DVH,2020-08-14,00:00,114.0,40,RUTA 9,,IMPAGA,74.0,True
3111,DK414N,2023-10-07,11:05,85.0,40,AV LIBERTADOR,R02,IMPAGA,45.0,True
3112,MPX9357,2020-12-01,00:00,69.0,40,AV LIBERTADOR,,ERROR,29.0,True
3113,T0YDR,2023-07-02,15:50,122.0,60,RUTA 9,R03,ERROR,62.0,True
3114,VTIIAHV,2022-01-26,00:00,92.0,80,AV SIEMPRE VIVA,,PAGADA,12.0,True
3117,OUTSTDN,2023-02-23,11:06,53.0,40,AV LIBERTADOR,R02,IMPAGA,13.0,True
3122,J1S1,1932-01-01,11:06,91.0,60,AV SIEMPRE VIVA,R01,APELADA,31.0,True
3125,6EVY261,2022-12-05,00:00,138.0,60,AV LIBERTADOR,R01,ERROR,78.0,True
3127,MPX9357,2020-01-26,11:07,50.0,40,AV LIBERTADOR,R02,ERROR,10.0,True
3128,831MDB,2023-12-16,00:00,60.0,40,AV SIEMPRE VIVA,R01,PAGADA,20.0,True
3137,NHZ1002,2022-11-26,11:08,65.0,60,AV LIBERTADOR,R02,APELADA,5.0,True
3138,PIW4215,1932-01-01,15:51,82.0,60,RUTA 9,R03,IMPAGA,22.0,True
3139,W326AVE,2021-08-04,15:51,109.0,40,AV LIBERTADOR,,ERROR,69.0,True
3140,BX55DOG,1932-01-01,10:07,49.0,40,AV SIEMPRE VIVA,,ERROR,9.0,True
3142,HAMSTUR,2022-03-10,15:51,133.0,80,AV SIEMPRE VIVA,R02,APELADA,53.0,True
3144,UW3932,1932-01-01,11:08,124.0,80,RUTA 9,,PAGADA,44.0,True
3148,GCP332,1932-01-01,10:08,135.0,80,RUTA 9,R02,ERROR,55.0,True
3149,INTIGR8,2023-12-31,15:52,130.0,80,AV SIEMPRE VIVA,R01,ERROR,50.0,True
3150,810TCH,2023-09-23,00:00,130.0,60,RUTA 9,R02,APELADA,70.0,True
3155,HAMSTUR,2020-06-21,10:08,71.0,40,AV LIBERTADOR,R01,PAGADA,31.0,True
3156,TL03GOG,2020-05-02,10:08,115.0,40,AV SIEMPRE VIVA,R02,ERROR,75.0,True
3157,810TCH,2021-11-15,11:08,96.0,60,RUTA 9,R01,ERROR,36.0,True
3158,DI2LOT,2022-11-22,00:00,75.0,40,AV LIBERTADOR,R02,APELADA,35.0,True
3160,GLEN1E,2021-05-01,15:52,146.0,80,AV SIEMPRE VIVA,,PAGADA,66.0,True
3161,FVIOUHP,2024-01-24,20:13,130.0,80,AV SIEMPRE VIVA,R03,IMPAGA,50.0,True
3162,HF3461,2023-02-28,00:00,124.0,60,AV LIBERTADOR,R03,IMPAGA,64.0,True
3164,6EVY261,2020-07-08,10:08,109.0,80,AV LIBERTADOR,,PAGADA,29.0,True
3166,BP717,2023-11-21,20:14,107.0,80,AV SIEMPRE VIVA,R02,IMPAGA,27.0,True
3168,MPX9357,2020-12-19,20:14,43.0,40,RUTA 9,R01,APELADA,3.0,True
3169,J1S1,2021-11-23,11:09,85.0,60,AV LIBERTADOR,R03,APELADA,25.0,True
3171,3646HBH,2024-02-03,20:14,131.0,80,AV LIBERTADOR,R01,IMPAGA,51.0,True
3176,9999868,2022-06-01,11:09,155.0,80,AV SIEMPRE VIVA,R03,APELADA,75.0,True
3177,WU341A,2020-12-21,15:53,103.0,60,RUTA 9,R03,PAGADA,43.0,True
3179,GN64OTP,2023-10-27,20:15,65.0,60,RUTA 9,R01,PAGADA,5.0,True
3181,UM96201,2021-04-22,20:15,123.0,60,RUTA 9,,PAGADA,63.0,True
3188,BHRP770,2021-02-09,15:53,116.0,60,AV SIEMPRE VIVA,,APELADA,56.0,True
3190,691XC80,2020-08-16,11:10,118.0,80,RUTA 9,R03,IMPAGA,38.0,True
3192,B81JKY,2021-05-15,00:00,73.0,60,RUTA 9,R02,PAGADA,13.0,True
3194,BP717,1932-01-01,20:15,82.0,40,RUTA 9,R02,ERROR,42.0,True
3195,OUTSTDN,2023-03-22,20:16,157.0,80,AV SIEMPRE VIVA,R01,APELADA,77.0,True
3196,BM351,1932-01-01,11:10,128.0,60,RUTA 9,,IMPAGA,68.0,True
3198,YLO8WUE,2021-05-22,11:10,151.0,80,AV LIBERTADOR,R02,PAGADA,71.0,True
3200,2999961,2023-08-11,00:00,126.0,80,AV LIBERTADOR,,PAGADA,46.0,True
3202,M431ZW,2020-01-03,15:54,120.0,40,AV LIBERTADOR,,APELADA,80.0,True
3203,DI2LOT,2020-10-09,15:54,92.0,80,AV SIEMPRE VIVA,R02,APELADA,12.0,True
3205,0695DVH,2023-02-24,10:09,140.0,60,RUTA 9,,IMPAGA,80.0,True
3207,41RSTZ,2022-05-24,00:00,144.0,80,AV LIBERTADOR,R02,APELADA,64.0,True
3208,WEFLYN,2021-05-23,11:11,112.0,60,AV LIBERTADOR,R02,IMPAGA,52.0,True
3210,41RSTZ,2022-11-06,10:09,134.0,60,RUTA 9,R01,IMPAGA,74.0,True
3217,HK06YMX,1932-01-01,00:00,136.0,60,AV LIBERTADOR,,ERROR,76.0,True
3219,T0YDR,2020-05-22,20:17,137.0,80,AV LIBERTADOR,R03,IMPAGA,57.0,True
3221,BB8986,2021-07-23,20:18,81.0,60,AV LIBERTADOR,R02,APELADA,21.0,True
3222,VTIIAHV,2021-07-16,10:10,138.0,80,AV LIBERTADOR,R02,APELADA,58.0,True
3225,M431ZW,2020-06-02,10:10,155.0,80,AV SIEMPRE VIVA,R02,PAGADA,75.0,True
3228,AI7OVF,2021-02-03,20:18,119.0,60,RUTA 9,R02,PAGADA,59.0,True
3231,HF3461,2021-06-29,20:18,101.0,40,AV LIBERTADOR,R03,IMPAGA,61.0,True
3233,HK06YMX,2022-09-03,11:11,105.0,40,AV LIBERTADOR,,IMPAGA,65.0,True
3234,NTHGLFT,2022-01-26,00:00,101.0,60,AV LIBERTADOR,R03,IMPAGA,41.0,True
3235,INTIGR8,2020-03-08,10:11,101.0,60,AV SIEMPRE VIVA,R03,IMPAGA,41.0,True
3236,VY90540,2023-08-02,20:19,71.0,60,AV SIEMPRE VIVA,R01,ERROR,11.0,True
3238,0695DVH,2021-11-26,11:11,116.0,40,AV LIBERTADOR,R02,IMPAGA,76.0,True
3242,VY90540,2023-01-19,11:12,94.0,40,AV LIBERTADOR,R02,PAGADA,54.0,True
3243,2999961,2022-02-01,20:19,102.0,80,AV LIBERTADOR,R01,ERROR,22.0,True
3247,INTIGR8,2023-12-25,10:11,63.0,40,RUTA 9,,PAGADA,23.0,True
3249,GN64OTP,1932-01-01,20:19,99.0,80,RUTA 9,R02,PAGADA,19.0,True
3250,INTIGR8,2020-01-14,11:12,86.0,60,AV LIBERTADOR,,IMPAGA,26.0,True
3251,CT5B876,2021-12-27,00:00,120.0,80,AV LIBERTADOR,R03,APELADA,40.0,True
3259,FVIOUHP,2023-11-15,10:12,159.0,80,AV SIEMPRE VIVA,R02,APELADA,79.0,True
3263,GCP332,2022-04-16,11:13,140.0,80,RUTA 9,R03,APELADA,60.0,True
3265,NHZ1002,2021-07-04,20:20,110.0,40,AV LIBERTADOR,R02,PAGADA,70.0,True
3266,HK06YMX,2022-07-22,10:12,65.0,40,AV LIBERTADOR,R01,IMPAGA,25.0,True
3269,6611172,1932-01-01,15:55,67.0,60,AV LIBERTADOR,R02,PAGADA,7.0,True
3270,BB8986,2021-08-15,00:00,94.0,40,RUTA 9,R02,APELADA,54.0,True
3272,MPX9357,2023-12-09,00:00,115.0,80,RUTA 9,R01,APELADA,35.0,True
3273,6611172,1932-01-01,15:55,98.0,80,AV SIEMPRE VIVA,R03,PAGADA,18.0,True
3275,WU341A,2023-06-17,10:13,124.0,80,RUTA 9,R03,PAGADA,44.0,True
3276,NHZ1002,2024-01-08,20:20,109.0,40,AV SIEMPRE VIVA,,APELADA,69.0,True
3281,M20CPR,2023-12-25,11:14,94.0,60,AV LIBERTADOR,R02,PAGADA,34.0,True
3284,589222,1932-01-01,20:20,93.0,80,AV SIEMPRE VIVA,R03,ERROR,13.0,True
3285,T0YDR,2021-04-16,11:15,87.0,80,AV LIBERTADOR,R01,APELADA,7.0,True
3287,831MDB,1932-01-01,15:55,116.0,80,RUTA 9,R01,IMPAGA,36.0,True
3288,UM96201,1932-01-01,11:15,110.0,80,RUTA 9,R02,PAGADA,30.0,True
3290,FVIOUHP,2021-01-13,00:00,52.0,40,AV LIBERTADOR,R01,PAGADA,12.0,True
3291,HAMSTUR,2021-09-14,11:15,134.0,80,AV LIBERTADOR,,APELADA,54.0,True
3293,YLO8WUE,1932-01-01,11:15,71.0,60,AV LIBERTADOR,R01,ERROR,11.0,True
3295,WU341A,2021-03-04,15:55,118.0,80,AV LIBERTADOR,R01,ERROR,38.0,True
3298,HF58HXP,2022-12-05,20:21,75.0,40,AV SIEMPRE VIVA,R02,IMPAGA,35.0,True
3299,OUTSTDN,2020-08-05,20:21,122.0,80,AV LIBERTADOR,,APELADA,42.0,True
3300,VTIIAHV,2021-01-03,00:00,118.0,60,RUTA 9,R01,ERROR,58.0,True
3303,CD05601,2020-01-02,11:16,115.0,80,AV LIBERTADOR,,PAGADA,35.0,True
3305,NTHGLFT,2020-03-08,10:13,154.0,80,AV LIBERTADOR,R03,APELADA,74.0,True
3306,GN64OTP,2020-12-03,10:13,138.0,60,RUTA 9,R02,ERROR,78.0,True
3307,TL03GOG,2020-02-01,11:16,139.0,60,AV LIBERTADOR,R03,APELADA,79.0,True
3309,DI2LOT,2023-01-05,11:16,99.0,80,RUTA 9,R01,IMPAGA,19.0,True
3311,BHRP770,2022-06-01,20:22,90.0,60,AV LIBERTADOR,R02,APELADA,30.0,True
3312,J1S1,1932-01-01,10:14,150.0,80,RUTA 9,,APELADA,70.0,True
3313,TL03GOG,2022-02-04,20:22,111.0,80,AV SIEMPRE VIVA,,PAGADA,31.0,True
3315,6EVY261,2022-02-19,10:14,151.0,80,RUTA 9,R02,PAGADA,71.0,True
3316,0695DVH,1932-01-01,11:16,110.0,60,RUTA 9,,ERROR,50.0,True
3317,M20CPR,2022-12-02,10:14,133.0,80,AV LIBERTADOR,R02,ERROR,53.0,True
3320,VNK296GP,2020-09-12,20:22,153.0,80,AV LIBERTADOR,R03,PAGADA,73.0,True
3322,WU08YWC,2020-06-21,20:22,100.0,40,AV LIBERTADOR,R02,IMPAGA,60.0,True
3323,B81JKY,2020-08-18,00:00,145.0,80,AV SIEMPRE VIVA,,APELADA,65.0,True
3328,WEFLYN,2020-12-16,15:56,132.0,80,AV LIBERTADOR,R01,IMPAGA,52.0,True
3330,6NCE831,2020-07-05,20:23,78.0,60,AV LIBERTADOR,R03,IMPAGA,18.0,True
3333,MX60NZA,2023-05-18,11:17,56.0,40,RUTA 9,R02,PAGADA,16.0,True
3336,6NCE831,2023-09-20,20:23,153.0,80,AV LIBERTADOR,R03,IMPAGA,73.0,True
3338,PIW4215,2023-07-19,11:17,155.0,80,AV LIBERTADOR,R01,ERROR,75.0,True
3339,T0YDR,2023-12-30,20:23,62.0,40,AV SIEMPRE VIVA,R03,IMPAGA,22.0,True
3340,AWS167,1932-01-01,10:15,89.0,80,AV SIEMPRE VIVA,,APELADA,9.0,True
3345,NTHGLFT,2021-03-02,10:16,100.0,40,AV LIBERTADOR,R03,IMPAGA,60.0,True
3346,3646HBH,2021-02-16,10:16,106.0,80,RUTA 9,R01,IMPAGA,26.0,True
3347,691XC80,1932-01-01,15:57,51.0,40,RUTA 9,R01,IMPAGA,11.0,True
3348,OUTSTDN,1932-01-01,15:57,116.0,40,AV LIBERTADOR,R03,PAGADA,76.0,True
3350,5777770,1932-01-01,00:00,135.0,60,AV SIEMPRE VIVA,R02,PAGADA,75.0,True
3354,DI2LOT,2020-09-03,11:18,132.0,80,RUTA 9,R03,IMPAGA,52.0,True
3355,0695DVH,2020-02-10,15:57,59.0,40,RUTA 9,R02,IMPAGA,19.0,True
3358,B81JKY,1932-01-01,10:17,122.0,60,RUTA 9,R03,PAGADA,62.0,True
3360,RFH373,2023-11-25,10:17,64.0,60,RUTA 9,R02,IMPAGA,4.0,True
3362,6NCE831,2023-04-15,00:00,109.0,80,AV LIBERTADOR,R03,IMPAGA,29.0,True
3365,T0YDR,1932-01-01,00:00,111.0,40,AV LIBERTADOR,R02,IMPAGA,71.0,True
3369,B81JKY,2021-04-01,10:17,83.0,60,AV SIEMPRE VIVA,R03,ERROR,23.0,True
3372,AWS167,2023-03-08,15:57,110.0,40,RUTA 9,R02,PAGADA,70.0,True
3373,2999961,2021-03-12,20:24,49.0,40,AV SIEMPRE VIVA,R03,APELADA,9.0,True
3374,41RSTZ,2020-11-04,15:58,99.0,60,AV SIEMPRE VIVA,R03,PAGADA,39.0,True
3375,AWS167,2022-03-28,11:18,108.0,80,AV LIBERTADOR,R02,IMPAGA,28.0,True
3376,GLEN1E,2022-02-10,10:18,83.0,60,AV LIBERTADOR,R03,APELADA,23.0,True
3380,AWS167,2021-10-30,10:18,115.0,40,AV LIBERTADOR,,IMPAGA,75.0,True
3381,B81JKY,2023-08-29,11:19,115.0,80,AV LIBERTADOR,R02,IMPAGA,35.0,True
3384,3646HBH,2021-10-07,00:00,101.0,80,AV LIBERTADOR,R02,IMPAGA,21.0,True
3385,990XYK,2020-10-12,00:00,106.0,80,AV SIEMPRE VIVA,R03,APELADA,26.0,True
3386,MPX9357,2023-01-08,20:25,89.0,80,AV SIEMPRE VIVA,R03,APELADA,9.0,True
3387,RFH373,2024-01-05,00:00,74.0,60,AV SIEMPRE VIVA,R01,PAGADA,14.0,True
3394,HF3461,2023-12-22,20:25,131.0,60,AV LIBERTADOR,R01,APELADA,71.0,True
3395,990XYK,2020-10-03,00:00,120.0,60,RUTA 9,R02,IMPAGA,60.0,True
3396,DI2LOT,2021-11-11,00:00,148.0,80,AV SIEMPRE VIVA,,ERROR,68.0,True
3401,BHRP770,1932-01-01,20:25,130.0,60,AV LIBERTADOR,,PAGADA,70.0,True
3402,GLEN1E,1932-01-01,11:20,117.0,60,RUTA 9,R01,PAGADA,57.0,True
3403,GCP332,1932-01-01,11:20,136.0,60,AV LIBERTADOR,,PAGADA,76.0,True
3406,8B90638,1932-01-01,10:19,130.0,80,AV LIBERTADOR,R02,APELADA,50.0,True
3407,MX60NZA,2020-12-17,10:19,89.0,80,RUTA 9,,PAGADA,9.0,True
3408,41RSTZ,2022-07-24,10:20,141.0,80,AV SIEMPRE VIVA,R03,IMPAGA,61.0,True
3413,9999868,2022-11-28,11:20,95.0,40,RUTA 9,R02,ERROR,55.0,True
3415,M20CPR,2022-10-08,00:00,127.0,80,AV SIEMPRE VIVA,,ERROR,47.0,True
3417,NHZ1002,2022-07-03,10:20,119.0,40,AV SIEMPRE VIVA,,PAGADA,79.0,True
3419,FD1475,2023-12-03,11:21,114.0,40,AV LIBERTADOR,R02,APELADA,74.0,True
3425,AWS167,2022-12-29,00:00,128.0,80,AV LIBERTADOR,,PAGADA,48.0,True
3430,VNK296GP,2023-06-23,20:26,83.0,60,AV LIBERTADOR,R02,PAGADA,23.0,True
3432,VY90540,2020-12-08,10:21,127.0,80,RUTA 9,,APELADA,47.0,True
3437,GN64OTP,2021-07-18,15:59,111.0,40,AV LIBERTADOR,R03,PAGADA,71.0,True
3440,VTIIAHV,2022-11-11,00:00,72.0,60,AV LIBERTADOR,R03,ERROR,12.0,True
3443,WEFLYN,1932-01-01,16:00,91.0,40,RUTA 9,R03,ERROR,51.0,True
3446,UW3932,2020-05-01,20:27,94.0,80,AV LIBERTADOR,,PAGADA,14.0,True
3447,0695DVH,1932-01-01,00:00,140.0,80,AV LIBERTADOR,R03,APELADA,60.0,True
3449,HK06YMX,2020-11-29,20:27,84.0,40,AV LIBERTADOR,R01,ERROR,44.0,True
3451,M431ZW,2022-04-29,20:27,97.0,60,AV SIEMPRE VIVA,R02,PAGADA,37.0,True
3453,CT5B876,2022-06-28,11:22,87.0,40,AV LIBERTADOR,,APELADA,47.0,True
3454,INTIGR8,2023-07-16,10:21,120.0,60,AV LIBERTADOR,R03,ERROR,60.0,True
3456,BHRP770,2023-12-08,20:27,106.0,60,AV LIBERTADOR,R01,ERROR,46.0,True
3458,831MDB,1932-01-01,20:27,158.0,80,AV SIEMPRE VIVA,,APELADA,78.0,True
3460,VTIIAHV,2020-07-19,11:22,110.0,40,AV LIBERTADOR,R03,ERROR,70.0,True
3463,UW3932,2023-02-03,16:00,119.0,80,AV SIEMPRE VIVA,R01,IMPAGA,39.0,True
3464,FVIOUHP,1932-01-01,10:22,146.0,80,RUTA 9,R02,IMPAGA,66.0,True
3466,9999868,1932-01-01,00:00,118.0,40,AV SIEMPRE VIVA,R01,APELADA,78.0,True
3471,HF58HXP,2021-06-21,16:01,91.0,40,AV SIEMPRE VIVA,R02,IMPAGA,51.0,True
3474,HF3461,1932-01-01,20:28,99.0,80,RUTA 9,R01,IMPAGA,19.0,True
3478,HF3461,2020-06-14,20:28,50.0,40,AV SIEMPRE VIVA,R03,IMPAGA,10.0,True
3481,DK414N,2021-04-27,00:00,132.0,80,AV SIEMPRE VIVA,R03,ERROR,52.0,True
3485,5777770,1932-01-01,16:02,76.0,40,AV LIBERTADOR,R02,APELADA,36.0,True
3487,GCP332,2023-03-03,11:23,128.0,60,AV LIBERTADOR,R02,IMPAGA,68.0,True
3488,VY90540,2022-06-23,00:00,91.0,80,AV SIEMPRE VIVA,R01,PAGADA,11.0,True
3489,3646HBH,2022-04-24,11:23,82.0,40,AV LIBERTADOR,R03,APELADA,42.0,True
3492,T0YDR,2021-05-06,00:00,152.0,80,RUTA 9,R03,PAGADA,72.0,True
3498,8B90638,2022-03-19,16:03,119.0,40,AV SIEMPRE VIVA,R02,ERROR,79.0,True
3500,WEFLYN,2020-09-28,11:23,130.0,60,AV LIBERTADOR,R01,ERROR,70.0,True
3501,41RSTZ,2020-07-05,20:29,107.0,80,AV SIEMPRE VIVA,R01,APELADA,27.0,True
3503,AI7OVF,1932-01-01,00:00,90.0,40,AV LIBERTADOR,R01,IMPAGA,50.0,True
3506,TL03GOG,2021-10-14,00:00,109.0,40,RUTA 9,R03,APELADA,69.0,True
3513,WU341A,2023-03-03,11:24,87.0,60,AV SIEMPRE VIVA,,APELADA,27.0,True
3514,0695DVH,2021-01-10,20:29,107.0,40,AV LIBERTADOR,R01,IMPAGA,67.0,True
3515,WEFLYN,2021-10-19,11:24,82.0,60,RUTA 9,,IMPAGA,22.0,True
3518,MPX9357,2021-01-24,10:24,103.0,60,AV LIBERTADOR,R02,APELADA,43.0,True
3527,TL03GOG,2023-07-08,00:00,105.0,40,AV LIBERTADOR,,IMPAGA,65.0,True
3531,B81JKY,1932-01-01,10:25,136.0,60,AV LIBERTADOR,R01,PAGADA,76.0,True
3532,5777770,1932-01-01,10:25,65.0,40,AV SIEMPRE VIVA,R02,APELADA,25.0,True
3534,CBMUK,2021-03-26,11:25,104.0,60,RUTA 9,R02,ERROR,44.0,True
3536,T0YDR,2021-10-14,20:29,51.0,40,AV SIEMPRE VIVA,,APELADA,11.0,True
3537,5777770,1932-01-01,10:26,80.0,40,AV SIEMPRE VIVA,R01,IMPAGA,40.0,True
3542,BM351,2023-10-26,16:05,49.0,40,RUTA 9,R02,IMPAGA,9.0,True
3545,810TCH,2022-01-18,00:00,89.0,60,AV LIBERTADOR,R03,PAGADA,29.0,True
3549,GLEN1E,2020-04-03,11:25,44.0,40,AV LIBERTADOR,R01,IMPAGA,4.0,True
3555,3646HBH,2020-06-29,16:05,104.0,80,RUTA 9,R03,APELADA,24.0,True
3558,GE1466,2021-05-24,10:27,103.0,60,AV SIEMPRE VIVA,R01,PAGADA,43.0,True
3559,DK414N,1932-01-01,10:27,64.0,60,RUTA 9,,APELADA,4.0,True
3560,MX60NZA,1932-01-01,20:30,110.0,60,AV SIEMPRE VIVA,R01,APELADA,50.0,True
3562,BM351,1932-01-01,11:26,155.0,80,AV SIEMPRE VIVA,R03,PAGADA,75.0,True
3566,UM96201,2020-03-21,11:26,68.0,60,RUTA 9,R02,APELADA,8.0,True
3569,BHRP770,1932-01-01,20:30,109.0,60,AV SIEMPRE VIVA,R01,ERROR,49.0,True
3571,UW3932,2020-01-11,16:05,88.0,80,AV SIEMPRE VIVA,R02,ERROR,8.0,True
3572,AWS167,2021-08-09,20:31,149.0,80,AV LIBERTADOR,R03,PAGADA,69.0,True
3573,GE1466,1932-01-01,16:05,56.0,40,AV LIBERTADOR,R01,ERROR,16.0,True
3584,MPX9357,1932-01-01,10:28,87.0,40,RUTA 9,R01,IMPAGA,47.0,True
3586,MPX9357,2021-01-30,11:27,120.0,40,AV LIBERTADOR,R01,ERROR,80.0,True
3587,GOOGLE,2021-06-08,20:31,64.0,60,AV LIBERTADOR,,PAGADA,4.0,True
3590,MPX9357,2021-06-19,11:27,99.0,80,AV SIEMPRE VIVA,R03,ERROR,19.0,True
3591,CD05601,2020-02-09,20:31,122.0,60,RUTA 9,R03,ERROR,62.0,True
3596,41RSTZ,2021-06-22,16:07,126.0,60,RUTA 9,R03,ERROR,66.0,True
3599,W326AVE,2020-09-26,16:07,131.0,80,AV SIEMPRE VIVA,R03,ERROR,51.0,True
3600,HF58HXP,1932-01-01,16:07,129.0,80,RUTA 9,,APELADA,49.0,True
3603,9999868,2020-03-22,00:00,156.0,80,AV LIBERTADOR,,APELADA,76.0,True
3604,6EVY261,1932-01-01,20:32,67.0,40,AV LIBERTADOR,R03,ERROR,27.0,True
3605,WU341A,1932-01-01,16:08,139.0,80,AV LIBERTADOR,R01,IMPAGA,59.0,True
3608,WEFLYN,1932-01-01,16:08,147.0,80,AV SIEMPRE VIVA,,ERROR,67.0,True
3610,GE1466,2022-03-20,20:32,61.0,40,AV LIBERTADOR,R01,PAGADA,21.0,True
3614,BP717,2022-02-17,10:29,106.0,40,AV SIEMPRE VIVA,R01,PAGADA,66.0,True
3615,81ZFJD,2021-02-28,10:29,85.0,60,AV LIBERTADOR,,ERROR,25.0,True
3616,T0YDR,2022-06-15,20:32,91.0,80,AV SIEMPRE VIVA,R03,ERROR,11.0,True
3617,NTHGLFT,2022-08-13,16:08,103.0,80,AV SIEMPRE VIVA,R03,APELADA,23.0,True
3620,8B90638,1932-01-01,00:00,55.0,40,RUTA 9,R02,IMPAGA,15.0,True
3629,UM96201,2020-07-03,11:28,92.0,80,AV SIEMPRE VIVA,R02,PAGADA,12.0,True
3632,DK414N,2023-09-24,10:30,73.0,60,AV SIEMPRE VIVA,,PAGADA,13.0,True
3634,WU341A,2022-04-29,00:00,67.0,60,AV LIBERTADOR,R03,ERROR,7.0,True
3637,VTIIAHV,2022-07-13,00:00,131.0,80,AV LIBERTADOR,R01,ERROR,51.0,True
3642,W326AVE,2021-07-18,16:10,90.0,60,AV LIBERTADOR,,PAGADA,30.0,True
3643,CT5B876,2020-09-06,10:30,122.0,60,RUTA 9,R02,APELADA,62.0,True
3647,990XYK,2020-03-05,20:34,112.0,60,AV LIBERTADOR,R03,IMPAGA,52.0,True
3648,WEFLYN,2020-10-04,20:34,45.0,40,AV LIBERTADOR,R03,IMPAGA,5.0,True
3649,MX60NZA,1932-01-01,10:30,118.0,60,RUTA 9,R02,IMPAGA,58.0,True
3654,W326AVE,1932-01-01,00:00,73.0,40,AV SIEMPRE VIVA,R01,PAGADA,33.0,True
3655,NTHGLFT,2020-03-28,11:28,121.0,60,RUTA 9,,PAGADA,61.0,True
3657,BM351,2023-07-16,10:31,67.0,60,AV SIEMPRE VIVA,R01,ERROR,7.0,True
3658,CD05601,1932-01-01,10:31,146.0,80,AV SIEMPRE VIVA,R01,APELADA,66.0,True
3659,6NCE831,2021-02-24,20:34,82.0,40,RUTA 9,R01,APELADA,42.0,True
3660,HF58HXP,2023-06-14,00:00,58.0,40,RUTA 9,R01,IMPAGA,18.0,True
3661,VNK296GP,2022-05-13,10:31,104.0,60,AV LIBERTADOR,R03,ERROR,44.0,True
3664,UM96201,1932-01-01,11:29,124.0,80,AV LIBERTADOR,,PAGADA,44.0,True
3666,W326AVE,2020-08-28,16:11,117.0,40,AV SIEMPRE VIVA,R03,APELADA,77.0,True
3668,UM96201,2020-09-20,20:34,140.0,60,RUTA 9,,APELADA,80.0,True
3669,WEFLYN,2021-07-27,16:11,74.0,40,RUTA 9,,IMPAGA,34.0,True
3670,OUTSTDN,1932-01-01,20:35,158.0,80,AV LIBERTADOR,R01,ERROR,78.0,True
3672,RFH373,2023-01-29,11:29,94.0,60,AV SIEMPRE VIVA,,ERROR,34.0,True
3674,B81JKY,1932-01-01,11:29,153.0,80,RUTA 9,,IMPAGA,73.0,True
3676,HF3461,2021-10-21,10:31,126.0,80,AV SIEMPRE VIVA,,APELADA,46.0,True
3677,CD05601,1932-01-01,10:32,84.0,60,AV LIBERTADOR,R03,APELADA,24.0,True
3679,HK06YMX,2023-10-25,16:12,108.0,40,AV LIBERTADOR,R02,PAGADA,68.0,True
3683,HK06YMX,2020-09-08,10:32,65.0,60,AV LIBERTADOR,R01,PAGADA,5.0,True
3685,GN64OTP,2020-10-27,10:32,94.0,80,AV LIBERTADOR,R01,PAGADA,14.0,True
3694,WU08YWC,2023-05-20,00:00,91.0,40,AV SIEMPRE VIVA,R01,APELADA,51.0,True
3695,DI2LOT,2023-01-25,16:13,106.0,40,AV LIBERTADOR,R03,PAGADA,66.0,True
3703,HK06YMX,1932-01-01,11:30,156.0,80,AV LIBERTADOR,R02,APELADA,76.0,True
3707,XIIUME,1932-01-01,20:36,140.0,60,AV LIBERTADOR,R01,IMPAGA,80.0,True
3710,9999868,1932-01-01,16:14,76.0,40,AV SIEMPRE VIVA,,IMPAGA,36.0,True
3713,M20CPR,1932-01-01,10:33,124.0,80,AV SIEMPRE VIVA,R03,PAGADA,44.0,True
3717,NHZ1002,2024-01-01,10:33,95.0,60,RUTA 9,R01,IMPAGA,35.0,True
3719,BM351,2023-12-24,11:30,92.0,80,AV LIBERTADOR,R03,APELADA,12.0,True
3723,WU341A,2022-08-04,20:36,153.0,80,AV SIEMPRE VIVA,,APELADA,73.0,True
3724,W326AVE,2024-01-23,20:37,118.0,80,AV LIBERTADOR,R01,APELADA,38.0,True
3728,3646HBH,1932-01-01,10:33,138.0,60,AV LIBERTADOR,R01,APELADA,78.0,True
3730,J1S1,2023-04-26,20:37,126.0,80,RUTA 9,R01,PAGADA,46.0,True
3734,UM96201,2024-02-07,20:37,95.0,80,RUTA 9,R01,APELADA,15.0,True
3743,INTIGR8,1932-01-01,16:15,131.0,80,AV SIEMPRE VIVA,,APELADA,51.0,True
3744,GCP332,2024-02-04,10:34,83.0,60,RUTA 9,,ERROR,23.0,True
3745,VNK296GP,2021-10-29,10:34,79.0,40,RUTA 9,,IMPAGA,39.0,True
3746,GCP332,2020-07-17,20:38,110.0,80,AV LIBERTADOR,R03,APELADA,30.0,True
3747,NTHGLFT,2023-12-07,11:31,57.0,40,RUTA 9,,APELADA,17.0,True
3748,J1S1,1932-01-01,00:00,80.0,60,AV LIBERTADOR,R01,IMPAGA,20.0,True
3752,J1S1,2020-11-12,16:15,47.0,40,RUTA 9,R03,ERROR,7.0,True
3755,HAMSTUR,1932-01-01,00:00,106.0,40,AV LIBERTADOR,,ERROR,66.0,True
3756,CBMUK,2022-08-01,20:39,132.0,80,RUTA 9,R02,APELADA,52.0,True
3757,GCP332,2023-03-09,11:32,88.0,40,RUTA 9,,ERROR,48.0,True
3758,VNK296GP,1932-01-01,10:34,49.0,40,RUTA 9,R03,PAGADA,9.0,True
3764,DI2LOT,1932-01-01,00:00,80.0,40,RUTA 9,,APELADA,40.0,True
3765,81ZFJD,1932-01-01,16:15,129.0,60,AV LIBERTADOR,R02,ERROR,69.0,True
3767,BM351,2023-03-10,10:35,120.0,60,AV LIBERTADOR,R03,PAGADA,60.0,True
3768,VNK296GP,2020-07-27,00:00,137.0,80,RUTA 9,R03,APELADA,57.0,True
3770,TL03GOG,1932-01-01,20:40,88.0,80,AV LIBERTADOR,R01,APELADA,8.0,True
3773,HF3461,1932-01-01,20:40,76.0,40,AV LIBERTADOR,,IMPAGA,36.0,True
3776,VNK296GP,1932-01-01,20:40,85.0,80,AV LIBERTADOR,R03,IMPAGA,5.0,True
3780,HAMSTUR,2021-05-04,20:41,87.0,80,AV SIEMPRE VIVA,,ERROR,7.0,True
3782,WU08YWC,2022-03-29,20:41,128.0,80,AV SIEMPRE VIVA,R01,PAGADA,48.0,True
3783,BB8986,1932-01-01,16:16,64.0,60,AV SIEMPRE VIVA,R01,PAGADA,4.0,True
3785,GOOGLE,2021-07-24,16:16,55.0,40,AV LIBERTADOR,R02,APELADA,15.0,True
3788,HF3461,2021-07-16,16:16,98.0,80,RUTA 9,R02,ERROR,18.0,True
3789,NHZ1002,1932-01-01,11:32,43.0,40,AV LIBERTADOR,R02,PAGADA,3.0,True
3792,M431ZW,2023-05-10,20:41,143.0,80,RUTA 9,R01,APELADA,63.0,True
3795,DK414N,1932-01-01,20:42,90.0,80,AV LIBERTADOR,R01,PAGADA,10.0,True
3796,CD05601,2022-10-25,16:16,116.0,40,RUTA 9,R03,ERROR,76.0,True
3798,HF3461,2023-12-10,11:32,79.0,40,AV SIEMPRE VIVA,R02,PAGADA,39.0,True
3799,NHZ1002,2022-10-30,11:33,97.0,40,AV SIEMPRE VIVA,R02,ERROR,57.0,True
3807,691XC80,1932-01-01,16:17,128.0,80,AV LIBERTADOR,R01,PAGADA,48.0,True
3808,M431ZW,2022-09-16,10:36,76.0,40,AV LIBERTADOR,R03,APELADA,36.0,True
3809,UW3932,2020-06-10,11:33,121.0,60,AV SIEMPRE VIVA,R02,IMPAGA,61.0,True
3810,UW3932,2024-02-05,20:42,132.0,60,AV SIEMPRE VIVA,R02,ERROR,72.0,True
3817,XIIUME,2021-08-27,11:34,129.0,80,AV LIBERTADOR,,APELADA,49.0,True
3822,BM351,1932-01-01,00:00,81.0,60,AV LIBERTADOR,R02,ERROR,21.0,True
3824,WU08YWC,2022-09-04,16:18,100.0,40,AV LIBERTADOR,R01,APELADA,60.0,True
3825,990XYK,1932-01-01,20:43,141.0,80,AV SIEMPRE VIVA,R01,IMPAGA,61.0,True
3827,M431ZW,2023-03-10,16:18,58.0,40,RUTA 9,R03,IMPAGA,18.0,True
3829,2999961,2020-08-01,00:00,109.0,80,AV SIEMPRE VIVA,R02,IMPAGA,29.0,True
3831,T0YDR,1932-01-01,10:37,109.0,40,AV LIBERTADOR,R01,PAGADA,69.0,True
3833,HF3461,2023-03-03,16:18,97.0,40,AV SIEMPRE VIVA,,PAGADA,57.0,True
3838,6EVY261,2021-12-01,20:43,98.0,60,AV SIEMPRE VIVA,R03,APELADA,38.0,True
3840,GOOGLE,2023-05-21,16:19,94.0,80,AV LIBERTADOR,R02,ERROR,14.0,True
3844,691XC80,2023-11-12,11:35,111.0,40,AV SIEMPRE VIVA,R02,APELADA,71.0,True
3846,BP717,2022-07-17,16:19,94.0,40,AV LIBERTADOR,,ERROR,54.0,True
3847,AWS167,1932-01-01,16:19,155.0,80,AV LIBERTADOR,,IMPAGA,75.0,True
3851,XIIUME,2020-08-28,16:19,121.0,80,AV LIBERTADOR,,APELADA,41.0,True
3853,BP717,2021-07-26,11:35,105.0,80,AV LIBERTADOR,R02,PAGADA,25.0,True
3854,GOOGLE,2022-08-09,16:20,53.0,40,AV SIEMPRE VIVA,R01,ERROR,13.0,True
3855,990XYK,1932-01-01,10:37,131.0,80,AV SIEMPRE VIVA,R03,PAGADA,51.0,True
3857,6EVY261,2020-12-06,00:00,146.0,80,AV SIEMPRE VIVA,,APELADA,66.0,True
3860,3646HBH,1932-01-01,11:36,112.0,80,RUTA 9,R01,PAGADA,32.0,True
3861,81ZFJD,2020-10-07,20:44,150.0,80,AV LIBERTADOR,R01,IMPAGA,70.0,True
3863,6EVY261,2022-12-31,10:38,71.0,40,AV LIBERTADOR,R02,PAGADA,31.0,True
3864,WU08YWC,2021-05-07,20:44,112.0,60,RUTA 9,R01,IMPAGA,52.0,True
3866,WU08YWC,1932-01-01,16:20,94.0,60,AV SIEMPRE VIVA,R03,APELADA,34.0,True
3868,W326AVE,2023-04-12,11:36,139.0,60,RUTA 9,,IMPAGA,79.0,True
3870,3646HBH,2023-02-13,10:38,47.0,40,RUTA 9,R03,ERROR,7.0,True
3874,TL03GOG,2021-04-24,11:37,108.0,40,AV SIEMPRE VIVA,R01,APELADA,68.0,True
3876,NTHGLFT,2021-11-28,10:38,97.0,80,AV SIEMPRE VIVA,R02,APELADA,17.0,True
3878,HF3461,2021-12-26,11:37,151.0,80,AV SIEMPRE VIVA,,APELADA,71.0,True
3879,6EVY261,2021-05-23,10:38,132.0,80,AV LIBERTADOR,,APELADA,52.0,True
3891,J1S1,1932-01-01,20:46,87.0,60,AV LIBERTADOR,R03,ERROR,27.0,True
3899,WEFLYN,2020-11-04,10:39,92.0,80,AV SIEMPRE VIVA,R01,APELADA,12.0,True
3900,691XC80,2023-12-30,10:39,75.0,40,RUTA 9,R03,IMPAGA,35.0,True
3901,990XYK,2023-07-06,00:00,95.0,80,AV SIEMPRE VIVA,R03,ERROR,15.0,True
3902,WEFLYN,1932-01-01,10:39,120.0,80,RUTA 9,R01,ERROR,40.0,True
3905,5777770,1932-01-01,00:00,108.0,80,RUTA 9,R02,PAGADA,28.0,True
3907,41RSTZ,2020-10-09,20:46,85.0,80,AV LIBERTADOR,R03,PAGADA,5.0,True
3909,WU341A,2022-03-25,11:38,124.0,80,RUTA 9,R01,IMPAGA,44.0,True
3911,TL03GOG,2024-02-07,20:47,158.0,80,AV LIBERTADOR,R01,PAGADA,78.0,True
3913,VNK296GP,2022-09-24,16:22,135.0,80,RUTA 9,R03,APELADA,55.0,True
3914,8B90638,2022-06-21,00:00,50.0,40,AV SIEMPRE VIVA,R03,APELADA,10.0,True
3915,M20CPR,1932-01-01,10:40,104.0,40,AV SIEMPRE VIVA,R01,PAGADA,64.0,True
3916,M20CPR,2021-11-15,00:00,109.0,80,AV LIBERTADOR,R01,PAGADA,29.0,True
3919,DK414N,2023-04-15,10:40,121.0,60,AV SIEMPRE VIVA,R01,IMPAGA,61.0,True
3926,MVU4688,2022-06-21,20:47,130.0,60,AV LIBERTADOR,R01,PAGADA,70.0,True
3928,41RSTZ,1932-01-01,16:22,61.0,40,AV LIBERTADOR,R03,PAGADA,21.0,True
3929,FVIOUHP,2022-01-19,11:39,141.0,80,AV SIEMPRE VIVA,,APELADA,61.0,True
3933,BP717,2021-05-22,11:39,80.0,40,RUTA 9,,PAGADA,40.0,True
3938,691XC80,2021-05-05,10:41,64.0,40,AV LIBERTADOR,R03,IMPAGA,24.0,True
3939,RFH373,2020-05-01,20:47,143.0,80,AV LIBERTADOR,R03,IMPAGA,63.0,True
3942,T0YDR,1932-01-01,11:40,110.0,40,AV SIEMPRE VIVA,R01,ERROR,70.0,True
3944,CD05601,1932-01-01,16:23,47.0,40,RUTA 9,,PAGADA,7.0,True
3945,6NCE831,1932-01-01,10:41,95.0,60,RUTA 9,,ERROR,35.0,True
3946,691XC80,2023-09-12,11:40,45.0,40,AV SIEMPRE VIVA,R02,ERROR,5.0,True
3950,XIIUME,2022-03-17,00:00,74.0,40,AV SIEMPRE VIVA,R01,IMPAGA,34.0,True
3952,YLO8WUE,2021-08-06,16:23,102.0,80,AV SIEMPRE VIVA,,ERROR,22.0,True
3953,HAMSTUR,2022-04-30,10:41,44.0,40,RUTA 9,R03,ERROR,4.0,True
3954,PIW4215,2021-07-31,10:41,130.0,60,AV SIEMPRE VIVA,R01,IMPAGA,70.0,True
3956,81ZFJD,2020-10-30,11:41,118.0,80,AV LIBERTADOR,R01,APELADA,38.0,True
3957,CBMUK,2021-10-03,16:24,142.0,80,RUTA 9,R01,ERROR,62.0,True
3960,MPX9357,2020-09-17,11:41,124.0,60,AV LIBERTADOR,R03,APELADA,64.0,True
3961,MVU4688,2023-10-28,20:48,108.0,60,AV SIEMPRE VIVA,R01,ERROR,48.0,True
3964,BX55DOG,2023-10-30,11:41,146.0,80,RUTA 9,R03,ERROR,66.0,True
3966,FD1475,2023-04-22,10:42,131.0,80,RUTA 9,R02,APELADA,51.0,True
3967,MX60NZA,2022-06-22,16:24,123.0,80,AV LIBERTADOR,R01,PAGADA,43.0,True
3968,BB8986,2021-12-21,11:41,91.0,40,AV SIEMPRE VIVA,R01,IMPAGA,51.0,True
3970,TL03GOG,2024-01-14,10:42,80.0,40,AV LIBERTADOR,R02,ERROR,40.0,True
3971,DK414N,2020-07-28,10:42,119.0,80,AV LIBERTADOR,R03,APELADA,39.0,True
3973,589222,2020-08-24,20:48,98.0,80,AV SIEMPRE VIVA,R01,ERROR,18.0,True
3974,WU08YWC,2022-08-31,00:00,77.0,60,AV LIBERTADOR,,IMPAGA,17.0,True
3977,HF58HXP,2020-04-06,11:42,154.0,80,RUTA 9,,ERROR,74.0,True
3979,M20CPR,2020-03-13,16:25,118.0,60,AV LIBERTADOR,R02,ERROR,58.0,True
3984,AWS167,2020-05-03,11:42,125.0,60,AV LIBERTADOR,,ERROR,65.0,True
3986,5777770,2021-02-01,11:42,48.0,40,AV LIBERTADOR,,PAGADA,8.0,True
3990,M20CPR,2022-02-05,10:42,92.0,40,AV SIEMPRE VIVA,R01,IMPAGA,52.0,True
3994,M20CPR,1932-01-01,00:00,64.0,60,AV SIEMPRE VIVA,R01,IMPAGA,4.0,True
